순번_정류장ID,64-2807131,65-2807129,66-2807127,67-2806963,68-2807124,69-2806964,70-2806987,71-2806965,72-2806966,73-2806967,74-2806968,75-2806969,76-2806970,77-2807408,78-2806971,79-2807122,80-2806891,81-2806890,82-2806888,83-2807293,84-2806886,85-2804580,86-2804213,87-2804211,88-2804209,89-2804207,90-2804205,91-2804204,92-2806290,93-2804202,94-2806292,95-2804578,96-2803609,97-2806232,98-2803608,99-2803607,100-2803606,101-2806297,102-2803616,103-2803853,104-2803850,105-2803617,106-2806299,107-2803618,108-2806300,109-2803600,110-2800273,111-2803601,112-2804331,113-2803581,114-2800271,115-2804749,116-2805489,117-2807150,118-2804581,119-2804582,120-2807389,121-2800267,122-2804032
64-2807131,0,0.7118720000000001,1.320725,2.3009969999999997,2.4046909999999997,2.7696739999999997,3.4538429999999996,3.6765799999999995,4.226420999999999,4.476179999999999,4.825397999999999,5.141026999999999,5.749740999999999,6.495436999999999,7.081431999999999,8.876727999999998,9.396440999999998,9.977140999999998,10.320519999999998,10.899272999999999,11.269874,11.774669,12.138788,12.629699,13.018196,13.736865,13.972771999999999,14.320416,14.741536,14.993841,15.357535,15.491135,15.867386999999999,16.188233999999998,16.700158,16.99344,17.536409,17.861148,18.060039,18.461928,19.049918,19.580107,19.850645,20.168014,20.868776,21.311705,21.514314,21.695929999999997,21.950249999999997,22.431581999999995,22.491630999999995,22.938511999999996,23.302760999999997,23.643696,23.944948999999998,24.086629999999996,24.305136999999995,24.943861999999996,25.139959999999995
65-2807129,,0,0.608853,1.589125,1.6928189999999999,2.0578019999999997,2.7419709999999995,2.9647079999999995,3.5145489999999997,3.7643079999999998,4.113525999999999,4.429155,5.037869,5.783564999999999,6.369559999999999,8.164855999999999,8.684568999999998,9.265268999999998,9.608647999999999,10.187401,10.558002,11.062797,11.426916,11.917827,12.306324,13.024993,13.2609,13.608544,14.029664,14.281969,14.645663,14.779263,15.155515,15.476362,15.988286,16.281568,16.824537,17.149276,17.348167,17.750056,18.338046000000002,18.868235000000002,19.138773,19.456142,20.156904,20.599833,20.802442,20.984057999999997,21.238377999999997,21.719709999999996,21.779758999999995,22.226639999999996,22.590888999999997,22.931824,23.233076999999998,23.374757999999996,23.593264999999995,24.231989999999996,24.428087999999995
66-2807127,,,0,0.9802719999999999,1.083966,1.448949,2.133118,2.355855,2.905696,3.155455,3.504673,3.820302,4.429016,5.1747119999999995,5.760706999999999,7.556002999999999,8.075715999999998,8.656415999999998,8.999794999999999,9.578548,9.949149,10.453944,10.818063,11.308974000000001,11.697471,12.41614,12.652047,12.999691,13.420811,13.673116,14.036810000000001,14.17041,14.546662,14.867509,15.379433,15.672715,16.215684,16.540423,16.739314,17.141203,17.729193000000002,18.259382000000002,18.52992,18.847289,19.548051,19.99098,20.193589,20.375205,20.629525,21.110857,21.170906,21.617787,21.982036,22.322971000000003,22.624224,22.765905,22.984412,23.623137,23.819235
67-2806963,,,,0,0.10369400000000001,0.468677,1.1528459999999998,1.3755829999999998,1.9254239999999998,2.1751829999999996,2.5244009999999997,2.8400299999999996,3.4487439999999996,4.194439999999999,4.780434999999999,6.575730999999999,7.095444,7.676144,8.019523,8.598276,8.968877,9.473672,9.837791000000001,10.328702000000002,10.717199,11.435868000000001,11.671775,12.019419000000001,12.440539000000001,12.692844000000001,13.056538000000002,13.190138000000001,13.56639,13.887237,14.399161000000001,14.692443,15.235412,15.560151,15.759041999999999,16.160930999999998,16.748921,17.27911,17.549647999999998,17.867016999999997,18.567778999999998,19.010707999999997,19.213316999999996,19.394932999999995,19.649252999999995,20.130584999999993,20.190633999999992,20.637514999999993,21.001763999999994,21.342698999999996,21.643951999999995,21.785632999999994,22.004139999999992,22.642864999999993,22.838962999999993
68-2807124,,,,,0,0.364983,1.0491519999999999,1.2718889999999998,1.8217299999999998,2.0714889999999997,2.4207069999999997,2.7363359999999997,3.3450499999999996,4.090745999999999,4.676740999999999,6.4720369999999985,6.991749999999999,7.572449999999999,7.915828999999999,8.494582,8.865183,9.369978,9.734097,10.225008,10.613505,11.332174,11.568081,11.915725,12.336845,12.58915,12.952844,13.086444,13.462696,13.783543,14.295467,14.588749,15.131718,15.456456999999999,15.655347999999998,16.057236999999997,16.645227,17.175416,17.445953999999997,17.763322999999996,18.464084999999997,18.907013999999997,19.109622999999996,19.291238999999997,19.545558999999997,20.026890999999996,20.086939999999995,20.533820999999996,20.898069999999997,21.239005,21.540257999999998,21.681938999999996,21.900445999999995,22.539170999999996,22.735268999999995
69-2806964,,,,,,0,0.6841689999999999,0.9069059999999999,1.456747,1.706506,2.055724,2.371353,2.980067,3.725763,4.311758,6.107054,6.626767,7.207467,7.550846,8.129599,8.500200000000001,9.004995000000001,9.369114000000001,9.860025000000002,10.248522000000001,10.967191000000001,11.203098,11.550742000000001,11.971862000000002,12.224167000000001,12.587861000000002,12.721461000000001,13.097713,13.418560000000001,13.930484000000002,14.223766000000001,14.766735,15.091474,15.290365,15.692254,16.280244,16.810433,17.080970999999998,17.398339999999997,18.099102,18.542030999999998,18.744639999999997,18.926255999999995,19.180575999999995,19.661907999999993,19.721956999999993,20.168837999999994,20.533086999999995,20.874021999999997,21.175274999999996,21.316955999999994,21.535462999999993,22.174187999999994,22.370285999999993
70-2806987,,,,,,,0,0.222737,0.772578,1.022337,1.371555,1.687184,2.295898,3.0415940000000004,3.6275890000000004,5.422885000000001,5.942598000000001,6.523298000000001,6.866677000000001,7.445430000000001,7.816031000000001,8.320826,8.684945,9.175856000000001,9.564353,10.283022,10.518929,10.866573,11.287693,11.539998,11.903692000000001,12.037292,12.413544,12.734391,13.246315000000001,13.539597,14.082566,14.407305,14.606195999999999,15.008085,15.596074999999999,16.126264,16.396801999999997,16.714170999999997,17.414932999999998,17.857861999999997,18.060470999999996,18.242086999999998,18.496406999999998,18.977738999999996,19.037787999999995,19.484668999999997,19.848917999999998,20.189853,20.491106,20.632786999999997,20.851293999999996,21.490018999999997,21.686116999999996
71-2806965,,,,,,,,0,0.549841,0.7996000000000001,1.1488180000000001,1.464447,2.073161,2.818857,3.404852,5.200148,5.719861000000001,6.300561000000001,6.643940000000001,7.2226930000000005,7.593294,8.098089,8.462208,8.953119000000001,9.341616,10.060285,10.296192,10.643836,11.064956,11.317261,11.680955,11.814555,12.190807,12.511654,13.023578,13.31686,13.859829,14.184567999999999,14.383458999999998,14.785347999999999,15.373337999999999,15.903526999999999,16.174065,16.491433999999998,17.192196,17.635125,17.837733999999998,18.019349999999996,18.273669999999996,18.755001999999994,18.815050999999993,19.261931999999995,19.626180999999995,19.967115999999997,20.268368999999996,20.410049999999995,20.628556999999994,21.267281999999994,21.463379999999994
72-2806966,,,,,,,,,0,0.249759,0.598977,0.914606,1.52332,2.269016,2.855011,4.650307,5.17002,5.75072,6.094099,6.672852,7.0434529999999995,7.548247999999999,7.912366999999999,8.403277999999998,8.791774999999998,9.510443999999998,9.746350999999997,10.093994999999998,10.515114999999998,10.767419999999998,11.131113999999998,11.264713999999998,11.640965999999997,11.961812999999998,12.473736999999998,12.767018999999998,13.309987999999997,13.634726999999996,13.833617999999996,14.235506999999997,14.823496999999996,15.353685999999996,15.624223999999996,15.941592999999996,16.642354999999995,17.085283999999994,17.287892999999993,17.469508999999995,17.723828999999995,18.205160999999993,18.265209999999993,18.712090999999994,19.076339999999995,19.417274999999997,19.718527999999996,19.860208999999994,20.078715999999993,20.717440999999994,20.913538999999993
73-2806967,,,,,,,,,,0,0.349218,0.664847,1.273561,2.019257,2.605252,4.400548000000001,4.920261000000001,5.500961000000001,5.844340000000001,6.423093000000001,6.793694,7.298489,7.662608,8.153519,8.542015999999998,9.260684999999999,9.496591999999998,9.844235999999999,10.265355999999999,10.517660999999999,10.881355,11.014954999999999,11.391206999999998,11.712053999999998,12.223977999999999,12.517259999999998,13.060228999999998,13.384967999999997,13.583858999999997,13.985747999999997,14.573737999999997,15.103926999999997,15.374464999999997,15.691833999999997,16.392595999999998,16.835524999999997,17.038133999999996,17.219749999999998,17.474069999999998,17.955401999999996,18.015450999999995,18.462331999999996,18.826580999999997,19.167516,19.468768999999998,19.610449999999997,19.828956999999996,20.467681999999996,20.663779999999996
74-2806968,,,,,,,,,,,0,0.315629,0.9243429999999999,1.670039,2.256034,4.05133,4.571043,5.151743000000001,5.495122,6.073875,6.444476,6.9492709999999995,7.313389999999999,7.804300999999999,8.192797999999998,8.911466999999998,9.147373999999997,9.495017999999998,9.916137999999998,10.168442999999998,10.532136999999999,10.665736999999998,11.041988999999997,11.362835999999998,11.874759999999998,12.168041999999998,12.711010999999997,13.035749999999997,13.234640999999996,13.636529999999997,14.224519999999997,14.754708999999997,15.025246999999997,15.342615999999996,16.043377999999997,16.486306999999996,16.688915999999995,16.870531999999997,17.124851999999997,17.606183999999995,17.666232999999995,18.113113999999996,18.477362999999997,18.818298,19.119550999999998,19.261231999999996,19.479738999999995,20.118463999999996,20.314561999999995
75-2806969,,,,,,,,,,,,0,0.608714,1.3544100000000001,1.9404050000000002,3.735701,4.255414,4.836114,5.179493,5.758246,6.1288469999999995,6.633641999999999,6.997760999999999,7.488671999999998,7.8771689999999985,8.595837999999999,8.831744999999998,9.179388999999999,9.600508999999999,9.852813999999999,10.216508,10.350107999999999,10.726359999999998,11.047206999999998,11.559130999999999,11.852412999999999,12.395381999999998,12.720120999999997,12.919011999999997,13.320900999999997,13.908890999999997,14.439079999999997,14.709617999999997,15.026986999999997,15.727748999999996,16.170677999999995,16.373286999999994,16.554902999999996,16.809222999999996,17.290554999999994,17.350603999999993,17.797484999999995,18.161733999999996,18.502668999999997,18.803921999999996,18.945602999999995,19.164109999999994,19.802834999999995,19.998932999999994
76-2806970,,,,,,,,,,,,,0,0.745696,1.331691,3.1269869999999997,3.6466999999999996,4.227399999999999,4.570778999999999,5.149531999999999,5.520132999999999,6.024927999999998,6.389046999999998,6.879957999999998,7.268454999999998,7.987123999999998,8.223030999999997,8.570674999999998,8.991794999999998,9.244099999999998,9.607793999999998,9.741393999999998,10.117645999999997,10.438492999999998,10.950416999999998,11.243698999999998,11.786667999999997,12.111406999999996,12.310297999999996,12.712186999999997,13.300176999999996,13.830365999999996,14.100903999999996,14.418272999999996,15.119034999999995,15.561963999999994,15.764572999999995,15.946188999999995,16.200508999999997,16.681840999999995,16.741889999999994,17.188770999999996,17.553019999999997,17.893955,18.195207999999997,18.336888999999996,18.555395999999995,19.194120999999996,19.390218999999995
77-2807408,,,,,,,,,,,,,,0,0.5859949999999999,2.381291,2.901004,3.4817039999999997,3.825083,4.403836,4.774437,5.2792319999999995,5.643350999999999,6.134261999999999,6.522758999999999,7.241427999999999,7.477334999999999,7.824978999999999,8.246099,8.498403999999999,8.862098,8.995697999999999,9.371949999999998,9.692796999999999,10.204721,10.498002999999999,11.040971999999998,11.365710999999997,11.564601999999997,11.966490999999998,12.554480999999997,13.084669999999997,13.355207999999998,13.672576999999997,14.373338999999996,14.816267999999996,15.018876999999996,15.200492999999996,15.454812999999996,15.936144999999996,15.996193999999996,16.443074999999997,16.807323999999998,17.148258999999996,17.449511999999995,17.591192999999993,17.809699999999992,18.448424999999993,18.644522999999992
78-2806971,,,,,,,,,,,,,,,0,1.795296,2.315009,2.895709,3.239088,3.817841,4.188442,4.693237,5.0573559999999995,5.548266999999999,5.936763999999999,6.6554329999999995,6.89134,7.238983999999999,7.660104,7.912408999999999,8.276102999999999,8.409702999999999,8.785954999999998,9.106801999999998,9.618725999999999,9.912007999999998,10.454976999999998,10.779715999999997,10.978606999999997,11.380495999999997,11.968485999999997,12.498674999999997,12.769212999999997,13.086581999999996,13.787343999999996,14.230272999999995,14.432881999999996,14.614497999999996,14.868817999999996,15.350149999999996,15.410198999999995,15.857079999999995,16.221328999999994,16.562263999999992,16.86351699999999,17.00519799999999,17.22370499999999,17.86242999999999,18.05852799999999
79-2807122,,,,,,,,,,,,,,,,0,0.519713,1.100413,1.4437920000000002,2.022545,2.393146,2.8979410000000003,3.2620600000000004,3.7529710000000005,4.141468000000001,4.860137000000001,5.096044000000001,5.443688000000001,5.864808000000001,6.117113000000001,6.480807,6.614407000000001,6.990659000000001,7.3115060000000005,7.82343,8.116712,8.659680999999999,8.984419999999998,9.183310999999998,9.585199999999999,10.173189999999998,10.703378999999998,10.973916999999998,11.291285999999998,11.992047999999997,12.434976999999996,12.637585999999997,12.819201999999997,13.073521999999997,13.554853999999997,13.614902999999996,14.061783999999996,14.426032999999995,14.766967999999995,15.068220999999994,15.209901999999994,15.428408999999995,16.067133999999996,16.263231999999995
80-2806891,,,,,,,,,,,,,,,,,0,0.5807,0.924079,1.502832,1.873433,2.378228,2.742347,3.233258,3.6217550000000003,4.3404240000000005,4.576331000000001,4.923975,5.345095000000001,5.5974,5.961094,6.0946940000000005,6.4709460000000005,6.791793,7.303717,7.596999,8.139968,8.464706999999999,8.663597999999999,9.065487,9.653476999999999,10.183665999999999,10.454203999999999,10.771572999999998,11.472334999999998,11.915263999999997,12.117872999999998,12.299488999999998,12.553808999999998,13.035140999999998,13.095189999999997,13.542070999999996,13.906319999999996,14.247254999999996,14.548507999999995,14.690188999999995,14.908695999999996,15.547420999999996,15.743518999999996
81-2806890,,,,,,,,,,,,,,,,,,0,0.343379,0.922132,1.292733,1.7975279999999998,2.161647,2.652558,3.041055,3.7597240000000003,3.9956310000000004,4.343275,4.764395,5.0167,5.380394,5.513994,5.890246,6.211093,6.723017,7.016299,7.559268,7.884007,8.082898,8.484787,9.072777,9.602966,9.873504,10.190873,10.891634999999999,11.334563999999999,11.537173,11.718789,11.973109,12.454441,12.514489999999999,12.961370999999998,13.325619999999997,13.666554999999997,13.967807999999998,14.109488999999998,14.327995999999999,14.966721,15.162818999999999
82-2806888,,,,,,,,,,,,,,,,,,,0,0.578753,0.949354,1.4541490000000001,1.8182680000000002,2.3091790000000003,2.6976760000000004,3.4163450000000006,3.6522520000000007,3.9998960000000006,4.421016000000001,4.6733210000000005,5.037015,5.170615000000001,5.546867000000001,5.867714,6.379638,6.6729199999999995,7.215889,7.540628,7.739519,8.141408,8.729398,9.259587,9.530125,9.847494,10.548255999999999,10.991184999999998,11.193793999999999,11.375409999999999,11.629729999999999,12.111061999999999,12.171110999999998,12.617991999999997,12.982240999999997,13.323175999999997,13.624428999999996,13.766109999999996,13.984616999999997,14.623341999999997,14.819439999999997
83-2807293,,,,,,,,,,,,,,,,,,,,0,0.370601,0.8753960000000001,1.2395150000000001,1.730426,2.118923,2.837592,3.073499,3.421143,3.842263,4.094568,4.4582619999999995,4.591862,4.968114,5.288961,5.800884999999999,6.094166999999999,6.637135999999999,6.961874999999999,7.160765999999999,7.562654999999999,8.150644999999999,8.680833999999999,8.951372,9.268740999999999,9.969502999999998,10.412431999999997,10.615040999999998,10.796656999999998,11.050976999999998,11.532308999999998,11.592357999999997,12.039238999999997,12.403487999999996,12.744422999999996,13.045675999999997,13.187356999999997,13.405863999999998,14.044588999999998,14.240686999999998
84-2806886,,,,,,,,,,,,,,,,,,,,,0,0.504795,0.868914,1.3598249999999998,1.748322,2.466991,2.7028980000000002,3.050542,3.4716620000000002,3.723967,4.087661,4.221261,4.597513,4.91836,5.4302839999999994,5.723566,6.266535,6.591274,6.790165,7.192054,7.780044,8.310233,8.580771,8.89814,9.598901999999999,10.041830999999998,10.244439999999999,10.426055999999999,10.680375999999999,11.161707999999999,11.221756999999998,11.668637999999998,12.032886999999997,12.373821999999997,12.675074999999996,12.816755999999996,13.035262999999997,13.673987999999998,13.870085999999997
85-2804580,,,,,,,,,,,,,,,,,,,,,,0,0.364119,0.85503,1.2435269999999998,1.9621959999999998,2.1981029999999997,2.5457469999999995,2.9668669999999997,3.2191719999999995,3.5828659999999997,3.7164659999999996,4.092718,4.413564999999999,4.925488999999999,5.2187709999999985,5.761739999999999,6.086478999999999,6.285369999999999,6.687258999999998,7.275248999999999,7.805437999999999,8.075975999999999,8.393344999999998,9.094106999999997,9.537035999999997,9.739644999999998,9.921260999999998,10.175580999999998,10.656912999999998,10.716961999999997,11.163842999999996,11.528091999999996,11.869026999999996,12.170279999999995,12.311960999999995,12.530467999999995,13.169192999999996,13.365290999999996
86-2804213,,,,,,,,,,,,,,,,,,,,,,,0,0.490911,0.879408,1.598077,1.833984,2.181628,2.602748,2.855053,3.218747,3.352347,3.728599,4.049446,4.561369999999999,4.854652,5.397621,5.72236,5.921251,6.3231399999999995,6.91113,7.441319,7.711857,8.029226,8.729987999999999,9.172916999999998,9.375525999999999,9.557141999999999,9.811461999999999,10.292793999999999,10.352842999999998,10.799723999999998,11.163972999999997,11.504907999999997,11.806160999999996,11.947841999999996,12.166348999999997,12.805073999999998,13.001171999999997
87-2804211,,,,,,,,,,,,,,,,,,,,,,,,0,0.388497,1.1071659999999999,1.343073,1.690717,2.111837,2.364142,2.7278360000000004,2.8614360000000003,3.2376880000000003,3.5585350000000004,4.0704590000000005,4.363741000000001,4.906710000000001,5.231449000000001,5.430340000000001,5.832229000000001,6.420219000000001,6.950408000000001,7.220946000000001,7.538315000000002,8.239077000000002,8.682006000000001,8.884615000000002,9.066231000000002,9.320551000000002,9.801883000000002,9.861932000000001,10.308813,10.673062,11.013997,11.315249999999999,11.456930999999999,11.675438,12.314163,12.510261
88-2804209,,,,,,,,,,,,,,,,,,,,,,,,,0,0.718669,0.954576,1.30222,1.7233399999999999,1.9756449999999999,2.339339,2.4729389999999998,2.849191,3.170038,3.681962,3.975244,4.518213,4.842952,5.041843,5.443732,6.031722,6.561911,6.832449,7.149818000000001,7.850580000000001,8.293509,8.496118000000001,8.677734000000001,8.932054,9.413386000000001,9.473435,9.920316,10.284564999999999,10.625499999999999,10.926752999999998,11.068433999999998,11.286940999999999,11.925666,12.121763999999999
89-2804207,,,,,,,,,,,,,,,,,,,,,,,,,,0,0.235907,0.583551,1.004671,1.256976,1.62067,1.75427,2.130522,2.451369,2.963293,3.256575,3.799544,4.124283,4.323174,4.725063,5.313053,5.843242,6.11378,6.4311490000000004,7.1319110000000006,7.574840000000001,7.777449000000001,7.959065000000001,8.213385,8.694717,8.754766,9.201647,9.565895999999999,9.906830999999999,10.208084,10.349765,10.568272,11.206997000000001,11.403095
90-2804205,,,,,,,,,,,,,,,,,,,,,,,,,,,0,0.347644,0.768764,1.021069,1.384763,1.518363,1.894615,2.215462,2.727386,3.020668,3.563637,3.888376,4.087267,4.4891559999999995,5.077145999999999,5.607334999999999,5.877872999999999,6.1952419999999995,6.896004,7.338933,7.541542,7.723158,7.977478,8.45881,8.518858999999999,8.965739999999998,9.329988999999998,9.670923999999998,9.972176999999999,10.113857999999999,10.332365,10.97109,11.167188
91-2804204,,,,,,,,,,,,,,,,,,,,,,,,,,,,0,0.42112,0.6734249999999999,1.037119,1.1707189999999998,1.5469709999999999,1.8678179999999998,2.379742,2.673024,3.2159929999999997,3.5407319999999998,3.739623,4.141512,4.729502,5.259691,5.530229,5.8475980000000005,6.548360000000001,6.991289000000001,7.193898000000001,7.375514000000001,7.629834000000001,8.111166,8.171215,8.618096,8.982344999999999,9.323279999999999,9.624533,9.766214,9.984721,10.623446000000001,10.819544
92-2806290,,,,,,,,,,,,,,,,,,,,,,,,,,,,,0,0.252305,0.615999,0.7495989999999999,1.125851,1.446698,1.958622,2.251904,2.794873,3.119612,3.318503,3.7203920000000004,4.308382,4.838571,5.109109,5.426478,6.1272400000000005,6.570169000000001,6.772778000000001,6.954394000000001,7.2087140000000005,7.690046000000001,7.750095000000001,8.196976000000001,8.561225,8.90216,9.203413000000001,9.345094000000001,9.563601000000002,10.202326000000003,10.398424000000002
93-2804202,,,,,,,,,,,,,,,,,,,,,,,,,,,,,,0,0.363694,0.497294,0.8735459999999999,1.1943929999999998,1.7063169999999999,1.999599,2.5425679999999997,2.867307,3.066198,3.468087,4.056077,4.586266,4.856804,5.174173000000001,5.874935000000001,6.317864000000001,6.520473000000001,6.702089000000001,6.956409000000001,7.437741000000001,7.497790000000001,7.944671000000001,8.30892,8.649855,8.951108000000001,9.092789000000002,9.311296000000002,9.950021000000003,10.146119000000002
94-2806292,,,,,,,,,,,,,,,,,,,,,,,,,,,,,,,0,0.1336,0.509852,0.830699,1.342623,1.635905,2.178874,2.503613,2.7025040000000002,3.1043930000000004,3.6923830000000004,4.222572,4.493110000000001,4.810479000000001,5.511241000000001,5.954170000000001,6.156779000000001,6.338395000000001,6.592715000000001,7.074047000000001,7.134096000000001,7.580977000000002,7.945226000000002,8.286161000000002,8.587414000000003,8.729095000000003,8.947602000000003,9.586327000000004,9.782425000000003
95-2804578,,,,,,,,,,,,,,,,,,,,,,,,,,,,,,,,0,0.376252,0.6970989999999999,1.2090229999999997,1.5023049999999998,2.0452739999999996,2.3700129999999997,2.568904,2.970793,3.558783,4.088972,4.35951,4.6768790000000005,5.377641000000001,5.820570000000001,6.023179000000001,6.204795000000001,6.459115000000001,6.940447000000001,7.000496000000001,7.447377000000001,7.811626000000001,8.152561000000002,8.453814000000001,8.595495000000001,8.814002000000002,9.452727000000003,9.648825000000002
96-2803609,,,,,,,,,,,,,,,,,,,,,,,,,,,,,,,,,0,0.320847,0.8327709999999999,1.126053,1.669022,1.9937610000000001,2.1926520000000003,2.5945410000000004,3.1825310000000004,3.7127200000000005,3.9832580000000006,4.300627,5.0013890000000005,5.444318000000001,5.646927000000001,5.828543000000001,6.082863000000001,6.564195000000001,6.624244000000001,7.071125000000001,7.435374000000001,7.776309000000001,8.077562,8.219243,8.437750000000001,9.076475000000002,9.272573000000001
97-2806232,,,,,,,,,,,,,,,,,,,,,,,,,,,,,,,,,,0,0.5119239999999999,0.805206,1.348175,1.672914,1.871805,2.273694,2.861684,3.391873,3.662411,3.97978,4.680542,5.123471,5.32608,5.507696,5.762016,6.243348,6.303397,6.750278000000001,7.114527000000001,7.455462000000001,7.756715000000001,7.898396000000001,8.116903,8.755628000000002,8.951726
98-2803608,,,,,,,,,,,,,,,,,,,,,,,,,,,,,,,,,,,0,0.29328200000000004,0.836251,1.16099,1.359881,1.7617699999999998,2.34976,2.879949,3.150487,3.4678560000000003,4.168618,4.611547000000001,4.8141560000000005,4.9957720000000005,5.250092,5.7314240000000005,5.791473000000001,6.238354000000001,6.602603000000001,6.943538000000001,7.244791000000001,7.386472000000001,7.604979000000001,8.243704000000001,8.439802
99-2803607,,,,,,,,,,,,,,,,,,,,,,,,,,,,,,,,,,,,0,0.5429689999999999,0.8677079999999999,1.0665989999999999,1.4684879999999998,2.056478,2.586667,2.857205,3.174574,3.875336,4.318265,4.520874,4.70249,4.95681,5.438142,5.498191,5.945072000000001,6.309321000000001,6.650256000000001,6.951509000000001,7.093190000000001,7.311697000000001,7.9504220000000005,8.14652
100-2803606,,,,,,,,,,,,,,,,,,,,,,,,,,,,,,,,,,,,,0,0.324739,0.52363,0.925519,1.513509,2.043698,2.314236,2.6316050000000004,3.3323670000000005,3.7752960000000004,3.9779050000000002,4.159521,4.413841,4.895173,4.955222,5.402103,5.766352,6.107287,6.40854,6.5502210000000005,6.768728,7.407453,7.603551
101-2806297,,,,,,,,,,,,,,,,,,,,,,,,,,,,,,,,,,,,,,0,0.198891,0.60078,1.1887699999999999,1.718959,1.9894969999999998,2.306866,3.007628,3.450557,3.6531659999999997,3.8347819999999997,4.089102,4.570434,4.630483,5.077364,5.441613,5.782548,6.083801,6.225482,6.443989,7.082714,7.278812
102-2803616,,,,,,,,,,,,,,,,,,,,,,,,,,,,,,,,,,,,,,,0,0.401889,0.989879,1.520068,1.790606,2.1079749999999997,2.808737,3.2516659999999997,3.4542749999999995,3.6358909999999995,3.8902109999999994,4.371542999999999,4.431591999999999,4.878473,5.242722,5.583657,5.88491,6.026591,6.245098,6.883823,7.079921
103-2803853,,,,,,,,,,,,,,,,,,,,,,,,,,,,,,,,,,,,,,,,0,0.58799,1.118179,1.388717,1.706086,2.406848,2.849777,3.052386,3.234002,3.4883219999999997,3.969654,4.029703,4.476584,4.840833,5.181768,5.483021,5.624702,5.843209,6.481934,6.678032
104-2803850,,,,,,,,,,,,,,,,,,,,,,,,,,,,,,,,,,,,,,,,,0,0.530189,0.800727,1.118096,1.818858,2.261787,2.464396,2.646012,2.9003319999999997,3.381664,3.4417129999999996,3.8885939999999994,4.2528429999999995,4.5937779999999995,4.8950309999999995,5.036712,5.255218999999999,5.893943999999999,6.0900419999999995
105-2803617,,,,,,,,,,,,,,,,,,,,,,,,,,,,,,,,,,,,,,,,,,0,0.270538,0.587907,1.288669,1.731598,1.934207,2.115823,2.3701429999999997,2.8514749999999998,2.9115239999999996,3.3584049999999994,3.7226539999999995,4.0635889999999995,4.3648419999999994,4.506523,4.725029999999999,5.363754999999999,5.5598529999999995
106-2806299,,,,,,,,,,,,,,,,,,,,,,,,,,,,,,,,,,,,,,,,,,,0,0.317369,1.018131,1.4610599999999998,1.6636689999999998,1.8452849999999998,2.099605,2.580937,2.640986,3.0878669999999997,3.4521159999999997,3.7930509999999997,4.094303999999999,4.2359849999999994,4.454491999999999,5.093216999999999,5.289314999999999
107-2803618,,,,,,,,,,,,,,,,,,,,,,,,,,,,,,,,,,,,,,,,,,,,0,0.700762,1.143691,1.3463,1.527916,1.7822360000000002,2.2635680000000002,2.323617,2.770498,3.134747,3.475682,3.776935,3.918616,4.137123,4.775848,4.971946
108-2806300,,,,,,,,,,,,,,,,,,,,,,,,,,,,,,,,,,,,,,,,,,,,,0,0.442929,0.645538,0.827154,1.081474,1.5628060000000001,1.6228550000000002,2.0697360000000002,2.4339850000000003,2.7749200000000003,3.0761730000000003,3.2178540000000004,3.4363610000000007,4.075086000000001,4.271184000000001
109-2803600,,,,,,,,,,,,,,,,,,,,,,,,,,,,,,,,,,,,,,,,,,,,,,0,0.20260899999999998,0.384225,0.6385449999999999,1.1198769999999998,1.1799259999999998,1.626807,1.991056,2.331991,2.633244,2.774925,2.9934320000000003,3.6321570000000003,3.8282550000000004
110-2800273,,,,,,,,,,,,,,,,,,,,,,,,,,,,,,,,,,,,,,,,,,,,,,,0,0.181616,0.435936,0.917268,0.977317,1.424198,1.7884470000000001,2.129382,2.430635,2.5723160000000003,2.7908230000000005,3.4295480000000005,3.6256460000000006
111-2803601,,,,,,,,,,,,,,,,,,,,,,,,,,,,,,,,,,,,,,,,,,,,,,,,0,0.25432,0.735652,0.795701,1.242582,1.6068310000000001,1.947766,2.249019,2.3907000000000003,2.6092070000000005,3.2479320000000005,3.4440300000000006
112-2804331,,,,,,,,,,,,,,,,,,,,,,,,,,,,,,,,,,,,,,,,,,,,,,,,,0,0.481332,0.541381,0.988262,1.352511,1.693446,1.994699,2.13638,2.3548869999999997,2.9936119999999997,3.18971
113-2803581,,,,,,,,,,,,,,,,,,,,,,,,,,,,,,,,,,,,,,,,,,,,,,,,,,0,0.060049,0.50693,0.8711789999999999,1.212114,1.513367,1.6550479999999999,1.8735549999999999,2.5122799999999996,2.7083779999999997
114-2800271,,,,,,,,,,,,,,,,,,,,,,,,,,,,,,,,,,,,,,,,,,,,,,,,,,,0,0.44688100000000003,0.81113,1.152065,1.4533179999999999,1.5949989999999998,1.8135059999999998,2.452231,2.648329
115-2804749,,,,,,,,,,,,,,,,,,,,,,,,,,,,,,,,,,,,,,,,,,,,,,,,,,,,0,0.364249,0.705184,1.006437,1.148118,1.366625,2.00535,2.201448
116-2805489,,,,,,,,,,,,,,,,,,,,,,,,,,,,,,,,,,,,,,,,,,,,,,,,,,,,,0,0.340935,0.642188,0.7838689999999999,1.002376,1.641101,1.837199
117-2807150,,,,,,,,,,,,,,,,,,,,,,,,,,,,,,,,,,,,,,,,,,,,,,,,,,,,,,0,0.301253,0.442934,0.661441,1.300166,1.496264
118-2804581,,,,,,,,,,,,,,,,,,,,,,,,,,,,,,,,,,,,,,,,,,,,,,,,,,,,,,,0,0.141681,0.360188,0.9989129999999999,1.195011
119-2804582,,,,,,,,,,,,,,,,,,,,,,,,,,,,,,,,,,,,,,,,,,,,,,,,,,,,,,,,0,0.218507,0.857232,1.0533299999999999
120-2807389,,,,,,,,,,,,,,,,,,,,,,,,,,,,,,,,,,,,,,,,,,,,,,,,,,,,,,,,,0,0.638725,0.834823
121-2800267,,,,,,,,,,,,,,,,,,,,,,,,,,,,,,,,,,,,,,,,,,,,,,,,,,,,,,,,,,0,0.196098
122-2804032,,,,,,,,,,,,,,,,,,,,,,,,,,,,,,,,,,,,,,,,,,,,,,,,,,,,,,,,,,,0
