순번_정류장ID,111-2807319,112-2800392,113-2805529,114-2805839,115-2805561,116-2805340,117-2805841,118-2805450,119-2806913,120-2805580,121-2805332,122-2805742,123-2805229,124-2805231,125-2805400,126-2805038,127-2804895,128-2805573,129-2807280,130-2805024,131-2806658,132-2803657,133-2806659,134-2800560,135-2803766,136-2804993,137-2807092,138-2800385,139-2800536,140-2807212,141-2803764,142-2800530,143-2800523,144-2800519,145-2800517,146-2800515,147-2805304,148-2800498,149-2800497,150-2800493,151-2800344,152-2800481,153-2805944,154-2803595,155-2800468,156-2800465,157-2800462,158-2800460,159-2800453,160-2800458,161-2800330,162-2800473,163-2800476,164-2800487,165-2805285,166-2800490,167-2807090,168-2807094,169-2800023,170-2800054,171-2806660,172-2805419,173-2805722,174-2805399,175-2800034,176-2800047,177-2804479,178-2804480,179-2804481,180-2803585,181-2803586,182-2805219,183-2800057,184-2800006,185-2806651,186-2806649,187-2806648,188-2806645,189-2806643,190-2804538,191-2804536,192-2804065,193-2800297,194-2800261,195-2803997,196-2800290,197-2800289,198-2803934,199-2806662,200-2800286,201-2803932,202-2803596,203-2800283,204-2800281,205-2800280,206-2800278,207-2806663,208-2804031,209-2800260,210-2800275,211-2804713,212-2803598,213-2803600,214-2800273,215-2803601,216-2804331,217-2803581,218-2800271,219-2807150
111-2807319,0,1.419736,1.725349,1.976663,2.219707,2.3241330000000002,2.561345,3.1607570000000003,3.5974640000000004,3.8970050000000005,4.245427,4.453905000000001,4.758457000000001,5.256565000000001,5.456981000000001,5.740135,5.93128,6.454847,6.691003,6.912968,7.732799,8.001619999999999,9.395530999999998,9.651622999999999,9.984632,10.221065999999999,10.503468999999999,11.154060999999999,11.631272999999998,11.985415999999999,12.076773999999999,12.361660999999998,12.605878999999998,12.764918999999997,12.944565999999996,13.614478999999996,14.631146999999995,14.910880999999995,15.411290999999995,15.722059999999995,15.971861999999996,16.260078999999998,16.569632,16.791943,17.088919,17.361703000000002,17.607840000000003,18.032741,18.355292000000002,18.594109000000003,18.915755000000004,19.129187000000005,19.663959000000006,19.968540000000004,20.222963000000004,20.569765000000004,22.303040000000003,23.116093000000003,25.015648000000002,25.273129,25.930522,26.354169,26.863678999999998,28.349579999999996,30.529995999999997,30.838296999999997,31.145605999999997,31.53729,32.106248,33.00338,33.274335,34.325031,35.260432,37.105492,38.729974,39.271809,40.057491,40.685770999999995,41.248405999999996,41.757771999999996,41.974706,42.555554,42.774822,43.365355,43.904883,44.271074,44.727879,45.089888,46.034864,46.921026,47.207285999999996,48.198752999999996,48.643181999999996,49.352622,49.924840999999994,50.06177499999999,51.00260099999999,51.64391799999999,51.876645999999994,52.202324999999995,52.380469,52.891605,53.334534,53.537143,53.718759,53.973079,54.454411,55.32559,55.84688
112-2800392,,0,0.305613,0.556927,0.799971,0.904397,1.1416089999999999,1.741021,2.177728,2.477269,2.825691,3.034169,3.338721,3.836829,4.0372449999999995,4.320398999999999,4.511543999999999,5.035110999999999,5.271266999999999,5.493231999999999,6.313062999999999,6.581883999999999,7.975794999999999,8.231886999999999,8.564896,8.801329999999998,9.083732999999999,9.734324999999998,10.211536999999998,10.565679999999999,10.657037999999998,10.941924999999998,11.186142999999998,11.345182999999997,11.524829999999996,12.194742999999995,13.211410999999995,13.491144999999994,13.991554999999995,14.302323999999995,14.552125999999996,14.840342999999995,15.149895999999995,15.372206999999994,15.669182999999995,15.941966999999995,16.188103999999996,16.613004999999994,16.935555999999995,17.174372999999996,17.496018999999997,17.709450999999998,18.244222999999998,18.548803999999997,18.803226999999996,19.150028999999996,20.883303999999995,21.696356999999995,23.595911999999995,23.853392999999993,24.510785999999992,24.93443299999999,25.44394299999999,26.92984399999999,29.11025999999999,29.41856099999999,29.72586999999999,30.11755399999999,30.68651199999999,31.58364399999999,31.85459899999999,32.90529499999999,33.84069599999999,35.685755999999984,37.310237999999984,37.85207299999998,38.637754999999984,39.26603499999998,39.82866999999998,40.33803599999998,40.55496999999998,41.135817999999986,41.355085999999986,41.945618999999986,42.485146999999984,42.851337999999984,43.30814299999999,43.67015199999999,44.615127999999984,45.50128999999998,45.78754999999998,46.77901699999998,47.22344599999998,47.93288599999998,48.50510499999998,48.642038999999976,49.58286499999998,50.22418199999998,50.45690999999998,50.78258899999998,50.96073299999998,51.471868999999984,51.91479799999998,52.117406999999986,52.299022999999984,52.553342999999984,53.034674999999986,53.905853999999984,54.427143999999984
113-2805529,,,0,0.251314,0.49435799999999996,0.598784,0.835996,1.4354079999999998,1.8721149999999998,2.1716559999999996,2.5200779999999994,2.7285559999999993,3.0331079999999995,3.5312159999999997,3.731632,4.014786,4.205931,4.7294979999999995,4.965654,5.187619,6.0074499999999995,6.2762709999999995,7.670182,7.926273999999999,8.259283,8.495716999999999,8.77812,9.428711999999999,9.905923999999999,10.260067,10.351424999999999,10.636311999999998,10.880529999999998,11.039569999999998,11.219216999999997,11.889129999999996,12.905797999999997,13.185531999999997,13.685941999999997,13.996710999999998,14.246512999999998,14.534729999999998,14.844282999999997,15.066593999999997,15.363569999999998,15.636353999999997,15.882490999999996,16.307391999999997,16.629942999999997,16.868759999999998,17.190406,17.403838,17.93861,18.243191,18.497614,18.844416,20.577690999999998,21.390743999999998,23.290298999999997,23.547779999999996,24.205172999999995,24.628819999999994,25.138329999999993,26.62423099999999,28.804646999999992,29.112947999999992,29.420256999999992,29.811940999999994,30.380898999999992,31.27803099999999,31.548985999999992,32.599681999999994,33.53508299999999,35.38014299999999,37.00462499999999,37.54645999999999,38.33214199999999,38.96042199999999,39.52305699999999,40.03242299999999,40.24935699999999,40.83020499999999,41.04947299999999,41.64000599999999,42.17953399999999,42.54572499999999,43.00252999999999,43.36453899999999,44.30951499999999,45.19567699999999,45.48193699999999,46.47340399999999,46.91783299999999,47.62727299999999,48.199491999999985,48.33642599999998,49.27725199999998,49.918568999999984,50.151296999999985,50.476975999999986,50.65511999999999,51.16625599999999,51.60918499999999,51.81179399999999,51.99340999999999,52.24772999999999,52.72906199999999,53.60024099999999,54.12153099999999
114-2805839,,,,0,0.243044,0.34747,0.5846819999999999,1.184094,1.620801,1.920342,2.268764,2.477242,2.781794,3.279902,3.480318,3.763472,3.9546170000000003,4.478184000000001,4.714340000000001,4.936305000000001,5.756136000000001,6.024957000000001,7.418868000000001,7.6749600000000004,8.007969000000001,8.244403,8.526806,9.177398,9.65461,10.008753,10.100111,10.384998,10.629216,10.788255999999999,10.967902999999998,11.637815999999997,12.654483999999997,12.934217999999996,13.434627999999996,13.745396999999997,13.995198999999998,14.283415999999997,14.592968999999997,14.815279999999996,15.112255999999997,15.385039999999996,15.631176999999996,16.056077999999996,16.378628999999997,16.617445999999997,16.939092,17.152524,17.687296,17.991877,18.246299999999998,18.593102,20.326376999999997,21.139429999999997,23.038984999999997,23.296465999999995,23.953858999999994,24.377505999999993,24.887015999999992,26.37291699999999,28.55333299999999,28.86163399999999,29.16894299999999,29.560626999999993,30.12958499999999,31.02671699999999,31.29767199999999,32.348367999999994,33.28376899999999,35.12882899999999,36.75331099999999,37.29514599999999,38.08082799999999,38.709107999999986,39.27174299999999,39.78110899999999,39.99804299999999,40.57889099999999,40.79815899999999,41.38869199999999,41.92821999999999,42.29441099999999,42.75121599999999,43.11322499999999,44.05820099999999,44.94436299999999,45.23062299999999,46.22208999999999,46.66651899999999,47.37595899999999,47.948177999999984,48.08511199999998,49.02593799999998,49.66725499999998,49.899982999999985,50.225661999999986,50.40380599999999,50.91494199999999,51.35787099999999,51.56047999999999,51.74209599999999,51.99641599999999,52.47774799999999,53.34892699999999,53.87021699999999
115-2805561,,,,,0,0.104426,0.341638,0.9410499999999999,1.377757,1.677298,2.0257199999999997,2.2341979999999997,2.53875,3.0368579999999996,3.2372739999999998,3.520428,3.711573,4.23514,4.471296000000001,4.693261000000001,5.513092,5.781913,7.175824,7.431916,7.764925,8.001358999999999,8.283762,8.934353999999999,9.411565999999999,9.765709,9.857066999999999,10.141953999999998,10.386171999999998,10.545211999999998,10.724858999999997,11.394771999999996,12.411439999999995,12.691173999999995,13.191583999999995,13.502352999999996,13.752154999999997,14.040371999999996,14.349924999999995,14.572235999999995,14.869211999999996,15.141995999999995,15.388132999999995,15.813033999999995,16.135584999999995,16.374401999999996,16.696047999999998,16.90948,17.444252,17.748832999999998,18.003255999999997,18.350057999999997,20.083332999999996,20.896385999999996,22.795940999999996,23.053421999999994,23.710814999999993,24.134461999999992,24.64397199999999,26.12987299999999,28.31028899999999,28.61858999999999,28.92589899999999,29.317582999999992,29.88654099999999,30.78367299999999,31.05462799999999,32.10532399999999,33.04072499999999,34.885784999999984,36.510266999999985,37.052101999999984,37.837783999999985,38.46606399999998,39.02869899999998,39.53806499999998,39.754998999999984,40.33584699999999,40.55511499999999,41.14564799999999,41.685175999999984,42.051366999999985,42.50817199999999,42.87018099999999,43.815156999999985,44.701318999999984,44.98757899999998,45.97904599999998,46.42347499999998,47.13291499999998,47.70513399999998,47.842067999999976,48.78289399999998,49.42421099999998,49.65693899999998,49.98261799999998,50.160761999999984,50.671897999999985,51.114826999999984,51.31743599999999,51.499051999999985,51.753371999999985,52.23470399999999,53.105882999999984,53.627172999999985
116-2805340,,,,,,0,0.23721199999999998,0.8366239999999999,1.2733309999999998,1.5728719999999998,1.9212939999999998,2.129772,2.434324,2.9324320000000004,3.1328480000000005,3.4160020000000006,3.6071470000000008,4.130714000000001,4.366870000000001,4.588835000000001,5.408666000000001,5.677487000000001,7.071398000000001,7.327490000000001,7.660499000000001,7.896933000000001,8.179336000000001,8.829928,9.30714,9.661283000000001,9.752641,10.037528,10.281746,10.440786,10.620432999999998,11.290345999999998,12.307013999999999,12.586747999999998,13.087157999999999,13.397927,13.647729,13.935946,14.245498999999999,14.467809999999998,14.764785999999999,15.037569999999999,15.283706999999998,15.708607999999998,16.031159,16.269976,16.591622,16.805054000000002,17.339826000000002,17.644407,17.89883,18.245632,19.978907,20.79196,22.691515,22.948995999999998,23.606388999999997,24.030035999999996,24.539545999999994,26.025446999999993,28.205862999999994,28.514163999999994,28.821472999999994,29.213156999999995,29.782114999999994,30.679246999999993,30.950201999999994,32.00089799999999,32.93629899999999,34.78135899999999,36.40584099999999,36.94767599999999,37.73335799999999,38.361637999999985,38.924272999999985,39.433638999999985,39.65057299999999,40.23142099999999,40.45068899999999,41.04122199999999,41.58074999999999,41.94694099999999,42.40374599999999,42.76575499999999,43.71073099999999,44.59689299999999,44.883152999999986,45.874619999999986,46.319048999999985,47.028488999999986,47.60070799999998,47.73764199999998,48.67846799999998,49.31978499999998,49.55251299999998,49.878191999999984,50.05633599999999,50.56747199999999,51.01040099999999,51.21300999999999,51.39462599999999,51.64894599999999,52.13027799999999,53.00145699999999,53.52274699999999
117-2805841,,,,,,,0,0.599412,1.0361189999999998,1.3356599999999998,1.6840819999999999,1.8925599999999998,2.1971119999999997,2.69522,2.895636,3.1787900000000002,3.3699350000000003,3.8935020000000002,4.129658,4.351623,5.171454,5.440275,6.834186,7.090278,7.423286999999999,7.659720999999999,7.942124,8.592716,9.069927999999999,9.424071,9.515429,9.800315999999999,10.044533999999999,10.203573999999998,10.383220999999997,11.053133999999996,12.069801999999996,12.349535999999995,12.849945999999996,13.160714999999996,13.410516999999997,13.698733999999996,14.008286999999996,14.230597999999995,14.527573999999996,14.800357999999996,15.046494999999995,15.471395999999995,15.793946999999996,16.032763999999997,16.354409999999998,16.567842,17.102614,17.407194999999998,17.661617999999997,18.008419999999997,19.741694999999996,20.554747999999996,22.454302999999996,22.711783999999994,23.369176999999993,23.792823999999992,24.30233399999999,25.78823499999999,27.96865099999999,28.27695199999999,28.58426099999999,28.975944999999992,29.54490299999999,30.44203499999999,30.71298999999999,31.76368599999999,32.69908699999999,34.54414699999999,36.16862899999999,36.71046399999999,37.49614599999999,38.124425999999985,38.687060999999986,39.196426999999986,39.41336099999999,39.99420899999999,40.21347699999999,40.80400999999999,41.34353799999999,41.70972899999999,42.16653399999999,42.52854299999999,43.47351899999999,44.35968099999999,44.645940999999986,45.637407999999986,46.081836999999986,46.79127699999999,47.363495999999984,47.50042999999998,48.44125599999998,49.08257299999998,49.315300999999984,49.640979999999985,49.81912399999999,50.33025999999999,50.77318899999999,50.97579799999999,51.15741399999999,51.41173399999999,51.89306599999999,52.76424499999999,53.28553499999999
118-2805450,,,,,,,,0,0.43670699999999996,0.736248,1.08467,1.293148,1.5977,2.095808,2.296224,2.579378,2.7705230000000003,3.29409,3.530246,3.752211,4.572042,4.840863,6.234774,6.490866,6.823874999999999,7.060308999999999,7.342712,7.993304,8.470516,8.824659,8.916017,9.200904,9.445122,9.604161999999999,9.783808999999998,10.453721999999997,11.470389999999998,11.750123999999998,12.250533999999998,12.561302999999999,12.811105,13.099321999999999,13.408874999999998,13.631185999999998,13.928161999999999,14.200945999999998,14.447082999999997,14.871983999999998,15.194534999999998,15.433351999999998,15.754997999999997,15.968429999999996,16.503201999999995,16.807782999999993,17.062205999999993,17.409007999999993,19.142282999999992,19.955335999999992,21.85489099999999,22.11237199999999,22.76976499999999,23.193411999999988,23.702921999999987,25.188822999999985,27.369238999999986,27.677539999999986,27.984848999999986,28.376532999999988,28.945490999999986,29.842622999999985,30.113577999999986,31.164273999999985,32.09967499999998,33.94473499999998,35.56921699999998,36.11105199999998,36.89673399999998,37.52501399999998,38.08764899999998,38.59701499999998,38.81394899999998,39.39479699999998,39.61406499999998,40.20459799999998,40.74412599999998,41.11031699999998,41.56712199999998,41.929130999999984,42.87410699999998,43.76026899999998,44.04652899999998,45.03799599999998,45.48242499999998,46.19186499999998,46.764083999999976,46.90101799999997,47.84184399999997,48.483160999999974,48.715888999999976,49.04156799999998,49.21971199999998,49.73084799999998,50.17377699999998,50.37638599999998,50.55800199999998,50.81232199999998,51.29365399999998,52.16483299999998,52.68612299999998
119-2806913,,,,,,,,,0,0.299541,0.647963,0.856441,1.160993,1.659101,1.8595169999999999,2.142671,2.333816,2.857383,3.093539,3.315504,4.1353349999999995,4.4041559999999995,5.798067,6.054158999999999,6.387167999999999,6.623601999999999,6.9060049999999995,7.556597,8.033809,8.387952,8.47931,8.764197,9.008415,9.167454999999999,9.347101999999998,10.017014999999997,11.033682999999996,11.313416999999996,11.813826999999996,12.124595999999997,12.374397999999998,12.662614999999997,12.972167999999996,13.194478999999996,13.491454999999997,13.764238999999996,14.010375999999995,14.435276999999996,14.757827999999996,14.996644999999996,15.318290999999995,15.531722999999994,16.066494999999993,16.37107599999999,16.62549899999999,16.97230099999999,18.70557599999999,19.51862899999999,21.41818399999999,21.675664999999988,22.333057999999987,22.756704999999986,23.266214999999985,24.752115999999983,26.932531999999984,27.240832999999984,27.548141999999984,27.939825999999986,28.508783999999984,29.405915999999984,29.676870999999984,30.727566999999983,31.66296799999998,33.50802799999998,35.13250999999998,35.67434499999998,36.46002699999998,37.08830699999998,37.65094199999998,38.16030799999998,38.37724199999998,38.958089999999984,39.177357999999984,39.767890999999985,40.30741899999998,40.67360999999998,41.130414999999985,41.492423999999986,42.43739999999998,43.32356199999998,43.60982199999998,44.60128899999998,45.04571799999998,45.75515799999998,46.32737699999998,46.464310999999974,47.405136999999975,48.046453999999976,48.27918199999998,48.60486099999998,48.78300499999998,49.29414099999998,49.73706999999998,49.939678999999984,50.12129499999998,50.37561499999998,50.856946999999984,51.72812599999998,52.24941599999998
120-2805580,,,,,,,,,,0,0.34842199999999995,0.5569,0.8614519999999999,1.3595599999999999,1.5599759999999998,1.84313,2.034275,2.557842,2.7939979999999998,3.0159629999999997,3.835794,4.104615,5.498526,5.754618,6.0876269999999995,6.3240609999999995,6.606464,7.257056,7.734268,8.088411,8.179769,8.464656,8.708874,8.867913999999999,9.047560999999998,9.717473999999998,10.734141999999999,11.013875999999998,11.514285999999998,11.825054999999999,12.074857,12.363074,12.672626999999999,12.894937999999998,13.191913999999999,13.464697999999999,13.710834999999998,14.135735999999998,14.458286999999999,14.697103999999998,15.018749999999997,15.232181999999996,15.766953999999997,16.071534999999997,16.325957999999996,16.672759999999997,18.406034999999996,19.219087999999996,21.118642999999995,21.376123999999994,22.033516999999993,22.45716399999999,22.96667399999999,24.45257499999999,26.63299099999999,26.94129199999999,27.24860099999999,27.64028499999999,28.20924299999999,29.10637499999999,29.37732999999999,30.42802599999999,31.363426999999987,33.208486999999984,34.832968999999984,35.37480399999998,36.160485999999985,36.78876599999998,37.35140099999998,37.86076699999998,38.07770099999998,38.65854899999999,38.877816999999986,39.46834999999999,40.007877999999984,40.374068999999984,40.83087399999999,41.19288299999999,42.137858999999985,43.02402099999998,43.31028099999998,44.30174799999998,44.74617699999998,45.45561699999998,46.02783599999998,46.164769999999976,47.10559599999998,47.74691299999998,47.97964099999998,48.30531999999998,48.483463999999984,48.994599999999984,49.437528999999984,49.640137999999986,49.821753999999984,50.076073999999984,50.557405999999986,51.428584999999984,51.949874999999984
121-2805332,,,,,,,,,,,0,0.20847800000000002,0.51303,1.0111379999999999,1.2115539999999998,1.4947079999999997,1.6858529999999998,2.2094199999999997,2.4455759999999995,2.6675409999999995,3.4873719999999997,3.7561929999999997,5.150104,5.406196,5.739204999999999,5.975638999999999,6.258042,6.908633999999999,7.385845999999999,7.739988999999999,7.831346999999998,8.116233999999999,8.360451999999999,8.519491999999998,8.699138999999997,9.369051999999996,10.385719999999996,10.665453999999995,11.165863999999996,11.476632999999996,11.726434999999997,12.014651999999996,12.324204999999996,12.546515999999995,12.843491999999996,13.116275999999996,13.362412999999995,13.787313999999995,14.109864999999996,14.348681999999995,14.670327999999994,14.883759999999993,15.418531999999994,15.723112999999994,15.977535999999994,16.324337999999994,18.057612999999993,18.870665999999993,20.770220999999992,21.02770199999999,21.68509499999999,22.10874199999999,22.618251999999988,24.104152999999986,26.284568999999987,26.592869999999987,26.900178999999987,27.29186299999999,27.860820999999987,28.757952999999986,29.028907999999987,30.079603999999986,31.015004999999984,32.860064999999985,34.484546999999985,35.026381999999984,35.812063999999985,36.44034399999998,37.00297899999998,37.51234499999998,37.729278999999984,38.31012699999999,38.52939499999999,39.11992799999999,39.659455999999984,40.025646999999985,40.48245199999999,40.84446099999999,41.789436999999985,42.675598999999984,42.96185899999998,43.95332599999998,44.39775499999998,45.10719499999998,45.67941399999998,45.81634799999998,46.75717399999998,47.39849099999998,47.63121899999998,47.95689799999998,48.135041999999984,48.646177999999985,49.089106999999984,49.29171599999999,49.473331999999985,49.727651999999985,50.20898399999999,51.080162999999985,51.601452999999985
122-2805742,,,,,,,,,,,,0,0.304552,0.8026599999999999,1.0030759999999999,1.2862299999999998,1.4773749999999999,2.0009419999999998,2.2370979999999996,2.4590629999999996,3.2788939999999993,3.5477149999999993,4.941625999999999,5.197717999999999,5.530726999999999,5.767160999999999,6.049563999999999,6.700156,7.1773679999999995,7.531510999999999,7.622868999999999,7.907755999999999,8.151974,8.311013999999998,8.490660999999998,9.160573999999997,10.177241999999996,10.456975999999996,10.957385999999996,11.268154999999997,11.517956999999997,11.806173999999997,12.115726999999996,12.338037999999996,12.635013999999996,12.907797999999996,13.153934999999995,13.578835999999995,13.901386999999996,14.140203999999995,14.461849999999995,14.675281999999994,15.210053999999994,15.514634999999995,15.769057999999994,16.115859999999994,17.849134999999993,18.662187999999993,20.561742999999993,20.81922399999999,21.47661699999999,21.90026399999999,22.409773999999988,23.895674999999986,26.076090999999987,26.384391999999988,26.691700999999988,27.08338499999999,27.652342999999988,28.549474999999987,28.820429999999988,29.871125999999986,30.806526999999985,32.651586999999985,34.276068999999985,34.817903999999984,35.603585999999986,36.23186599999998,36.79450099999998,37.30386699999998,37.520800999999985,38.10164899999999,38.32091699999999,38.91144999999999,39.450977999999985,39.817168999999986,40.27397399999999,40.63598299999999,41.580958999999986,42.467120999999985,42.75338099999998,43.74484799999998,44.18927699999998,44.898716999999984,45.47093599999998,45.60786999999998,46.54869599999998,47.19001299999998,47.42274099999998,47.74841999999998,47.926563999999985,48.437699999999985,48.880628999999985,49.08323799999999,49.264853999999985,49.519173999999985,50.00050599999999,50.871684999999985,51.392974999999986
123-2805229,,,,,,,,,,,,,0,0.498108,0.698524,0.981678,1.1728230000000002,1.69639,1.932546,2.1545110000000003,2.974342,3.243163,4.637074,4.893166,5.226175,5.462609,5.745012,6.3956040000000005,6.872816,7.226959,7.3183169999999995,7.603204,7.847422,8.006461999999999,8.186108999999998,8.856021999999998,9.872689999999999,10.152423999999998,10.652833999999999,10.963602999999999,11.213405,11.501622,11.811174999999999,12.033485999999998,12.330461999999999,12.603245999999999,12.849382999999998,13.274283999999998,13.596834999999999,13.835651999999998,14.157297999999997,14.370729999999996,14.905501999999997,15.210082999999997,15.464505999999997,15.811307999999997,17.544582999999996,18.357635999999996,20.257190999999995,20.514671999999994,21.172064999999993,21.595711999999992,22.10522199999999,23.59112299999999,25.77153899999999,26.07983999999999,26.38714899999999,26.77883299999999,27.34779099999999,28.24492299999999,28.51587799999999,29.56657399999999,30.501974999999987,32.347034999999984,33.971516999999984,34.51335199999998,35.299033999999985,35.92731399999998,36.48994899999998,36.99931499999998,37.21624899999998,37.79709699999999,38.016364999999986,38.60689799999999,39.146425999999984,39.512616999999985,39.96942199999999,40.33143099999999,41.276406999999985,42.16256899999998,42.44882899999998,43.44029599999998,43.88472499999998,44.59416499999998,45.16638399999998,45.303317999999976,46.24414399999998,46.88546099999998,47.11818899999998,47.44386799999998,47.622011999999984,48.133147999999984,48.576076999999984,48.778685999999986,48.960301999999984,49.214621999999984,49.695953999999986,50.567132999999984,51.088422999999985
124-2805231,,,,,,,,,,,,,,0,0.200416,0.48357000000000006,0.6747150000000001,1.198282,1.434438,1.656403,2.476234,2.745055,4.138966,4.395058,4.728066999999999,4.964500999999999,5.246904,5.897496,6.374708,6.728851,6.820208999999999,7.105096,7.349314,7.508354,7.688001,8.357914,9.374582,9.654316,10.154726,10.465495,10.715297000000001,11.003514000000001,11.313067,11.535378,11.832354,12.105138,12.351275,12.776176,13.098727,13.337544,13.659189999999999,13.872621999999998,14.407393999999998,14.711974999999999,14.966397999999998,15.313199999999998,17.046474999999997,17.859527999999997,19.759082999999997,20.016563999999995,20.673956999999994,21.097603999999993,21.607113999999992,23.09301499999999,25.27343099999999,25.58173199999999,25.88904099999999,26.280724999999993,26.84968299999999,27.74681499999999,28.01776999999999,29.06846599999999,30.00386699999999,31.84892699999999,33.47340899999999,34.01524399999999,34.80092599999999,35.429205999999986,35.99184099999999,36.50120699999999,36.71814099999999,37.29898899999999,37.51825699999999,38.10878999999999,38.64831799999999,39.01450899999999,39.47131399999999,39.83332299999999,40.77829899999999,41.66446099999999,41.95072099999999,42.94218799999999,43.38661699999999,44.09605699999999,44.668275999999985,44.80520999999998,45.74603599999998,46.38735299999998,46.620080999999985,46.945759999999986,47.12390399999999,47.63503999999999,48.07796899999999,48.28057799999999,48.46219399999999,48.71651399999999,49.19784599999999,50.06902499999999,50.59031499999999
125-2805400,,,,,,,,,,,,,,,0,0.283154,0.474299,0.997866,1.234022,1.455987,2.275818,2.544639,3.93855,4.194642,4.527651,4.764085,5.046488,5.69708,6.1742919999999994,6.528434999999999,6.619792999999999,6.904679999999999,7.148897999999999,7.307937999999999,7.487584999999999,8.157497999999999,9.174166,9.453899999999999,9.95431,10.265079,10.514881,10.803098,11.112651,11.334961999999999,11.631938,11.904722,12.150858999999999,12.575759999999999,12.898311,13.137127999999999,13.458773999999998,13.672205999999997,14.206977999999998,14.511558999999998,14.765981999999997,15.112783999999998,16.846058999999997,17.659111999999997,19.558666999999996,19.816147999999995,20.473540999999994,20.897187999999993,21.40669799999999,22.89259899999999,25.07301499999999,25.38131599999999,25.68862499999999,26.080308999999993,26.64926699999999,27.54639899999999,27.81735399999999,28.86804999999999,29.80345099999999,31.64851099999999,33.272992999999985,33.814827999999984,34.600509999999986,35.22878999999998,35.79142499999998,36.30079099999998,36.517724999999984,37.09857299999999,37.31784099999999,37.90837399999999,38.447901999999985,38.814092999999986,39.27089799999999,39.63290699999999,40.577882999999986,41.464044999999984,41.75030499999998,42.74177199999998,43.18620099999998,43.89564099999998,44.46785999999998,44.60479399999998,45.54561999999998,46.18693699999998,46.41966499999998,46.74534399999998,46.923487999999985,47.434623999999985,47.877552999999985,48.08016199999999,48.261777999999985,48.516097999999985,48.99742999999999,49.868608999999985,50.389898999999986
126-2805038,,,,,,,,,,,,,,,,0,0.191145,0.714712,0.950868,1.172833,1.992664,2.261485,3.655396,3.9114880000000003,4.244497,4.480931,4.763334,5.413926,5.891138,6.245280999999999,6.336638999999999,6.621525999999999,6.865743999999999,7.0247839999999995,7.204431,7.874344,8.891012,9.170746,9.671156,9.981925,10.231727000000001,10.519944,10.829497,11.051808,11.348784,11.621568,11.867704999999999,12.292606,12.615157,12.853974,13.175619999999999,13.389051999999998,13.923823999999998,14.228404999999999,14.482827999999998,14.829629999999998,16.562904999999997,17.375957999999997,19.275512999999997,19.532993999999995,20.190386999999994,20.614033999999993,21.123543999999992,22.60944499999999,24.78986099999999,25.09816199999999,25.40547099999999,25.797154999999993,26.36611299999999,27.26324499999999,27.53419999999999,28.58489599999999,29.52029699999999,31.36535699999999,32.98983899999999,33.53167399999999,34.31735599999999,34.945635999999986,35.508270999999986,36.017636999999986,36.23457099999999,36.81541899999999,37.03468699999999,37.62521999999999,38.16474799999999,38.53093899999999,38.98774399999999,39.34975299999999,40.29472899999999,41.18089099999999,41.46715099999999,42.45861799999999,42.90304699999999,43.61248699999999,44.184705999999984,44.32163999999998,45.26246599999998,45.90378299999998,46.136510999999985,46.462189999999985,46.64033399999999,47.15146999999999,47.59439899999999,47.79700799999999,47.97862399999999,48.23294399999999,48.71427599999999,49.58545499999999,50.10674499999999
127-2804895,,,,,,,,,,,,,,,,,0,0.523567,0.759723,0.981688,1.8015189999999999,2.07034,3.464251,3.7203429999999997,4.053351999999999,4.289785999999999,4.572189,5.2227809999999995,5.699992999999999,6.054135999999999,6.1454939999999985,6.430380999999999,6.674598999999999,6.833638999999999,7.013285999999999,7.683198999999999,8.699867,8.979600999999999,9.480011,9.79078,10.040582,10.328799,10.638352,10.860662999999999,11.157639,11.430423,11.676559999999998,12.101460999999999,12.424012,12.662828999999999,12.984474999999998,13.197906999999997,13.732678999999997,14.037259999999998,14.291682999999997,14.638484999999998,16.37176,17.184813,19.084367999999998,19.341848999999996,19.999241999999995,20.422888999999994,20.932398999999993,22.41829999999999,24.598715999999992,24.907016999999993,25.214325999999993,25.606009999999994,26.174967999999993,27.072099999999992,27.343054999999993,28.39375099999999,29.32915199999999,31.17421199999999,32.79869399999999,33.34052899999999,34.12621099999999,34.75449099999999,35.31712599999999,35.82649199999999,36.04342599999999,36.62427399999999,36.84354199999999,37.43407499999999,37.97360299999999,38.33979399999999,38.79659899999999,39.158607999999994,40.10358399999999,40.98974599999999,41.27600599999999,42.26747299999999,42.71190199999999,43.42134199999999,43.993560999999985,44.13049499999998,45.07132099999998,45.712637999999984,45.945365999999986,46.27104499999999,46.44918899999999,46.96032499999999,47.40325399999999,47.60586299999999,47.78747899999999,48.04179899999999,48.52313099999999,49.39430999999999,49.91559999999999
128-2805573,,,,,,,,,,,,,,,,,,0,0.236156,0.458121,1.277952,1.546773,2.940684,3.196776,3.529785,3.766219,4.048622,4.699214,5.176425999999999,5.530568999999999,5.621926999999999,5.906813999999999,6.151031999999999,6.310071999999999,6.489718999999999,7.159631999999999,8.1763,8.456033999999999,8.956444,9.267213,9.517015,9.805232,10.114785,10.337095999999999,10.634072,10.906856,11.152992999999999,11.577893999999999,11.900445,12.139261999999999,12.460907999999998,12.674339999999997,13.209111999999998,13.513692999999998,13.768115999999997,14.114917999999998,15.848192999999998,16.661246,18.560800999999998,18.818281999999996,19.475674999999995,19.899321999999994,20.408831999999993,21.89473299999999,24.075148999999993,24.383449999999993,24.690758999999993,25.082442999999994,25.651400999999993,26.548532999999992,26.819487999999993,27.87018399999999,28.80558499999999,30.65064499999999,32.27512699999999,32.81696199999999,33.60264399999999,34.23092399999999,34.79355899999999,35.30292499999999,35.51985899999999,36.10070699999999,36.31997499999999,36.91050799999999,37.45003599999999,37.81622699999999,38.27303199999999,38.635040999999994,39.58001699999999,40.46617899999999,40.75243899999999,41.74390599999999,42.18833499999999,42.89777499999999,43.469993999999986,43.60692799999998,44.54775399999998,45.189070999999984,45.421798999999986,45.74747799999999,45.92562199999999,46.43675799999999,46.87968699999999,47.08229599999999,47.26391199999999,47.51823199999999,47.99956399999999,48.87074299999999,49.39203299999999
129-2807280,,,,,,,,,,,,,,,,,,,0,0.221965,1.041796,1.310617,2.704528,2.9606199999999996,3.2936289999999997,3.5300629999999997,3.8124659999999997,4.463058,4.94027,5.294413,5.385770999999999,5.6706579999999995,5.914876,6.073916,6.253563,6.923476,7.940144,8.219878,8.720288,9.031057,9.280859000000001,9.569076,9.878629,10.10094,10.397916,10.6707,10.916837,11.341738,11.664289,11.903106,12.224751999999999,12.438183999999998,12.972955999999998,13.277536999999999,13.531959999999998,13.878761999999998,15.612036999999997,16.425089999999997,18.324644999999997,18.582125999999995,19.239518999999994,19.663165999999993,20.172675999999992,21.65857699999999,23.83899299999999,24.14729399999999,24.45460299999999,24.846286999999993,25.41524499999999,26.31237699999999,26.58333199999999,27.63402799999999,28.56942899999999,30.41448899999999,32.03897099999999,32.58080599999999,33.36648799999999,33.994767999999986,34.55740299999999,35.06676899999999,35.28370299999999,35.86455099999999,36.08381899999999,36.67435199999999,37.21387999999999,37.58007099999999,38.03687599999999,38.39888499999999,39.34386099999999,40.23002299999999,40.51628299999999,41.50774999999999,41.95217899999999,42.66161899999999,43.233837999999984,43.37077199999998,44.31159799999998,44.95291499999998,45.185642999999985,45.511321999999986,45.68946599999999,46.20060199999999,46.64353099999999,46.84613999999999,47.02775599999999,47.28207599999999,47.76340799999999,48.63458699999999,49.15587699999999
130-2805024,,,,,,,,,,,,,,,,,,,,0,0.819831,1.088652,2.482563,2.7386549999999996,3.0716639999999997,3.3080979999999998,3.5905009999999997,4.241092999999999,4.718304999999999,5.072447999999999,5.163805999999998,5.448692999999999,5.692910999999999,5.851950999999999,6.031597999999999,6.701510999999999,7.718178999999999,7.997913,8.498323,8.809092,9.058894,9.347111,9.656664,9.878974999999999,10.175951,10.448735,10.694871999999998,11.119772999999999,11.442324,11.681140999999998,12.002786999999998,12.216218999999997,12.750990999999997,13.055571999999998,13.309994999999997,13.656796999999997,15.390071999999996,16.203124999999996,18.102679999999996,18.360160999999994,19.017553999999993,19.441200999999992,19.95071099999999,21.43661199999999,23.61702799999999,23.92532899999999,24.23263799999999,24.624321999999992,25.19327999999999,26.09041199999999,26.36136699999999,27.41206299999999,28.347463999999988,30.192523999999988,31.81700599999999,32.35884099999999,33.14452299999999,33.77280299999999,34.33543799999999,34.84480399999999,35.06173799999999,35.642585999999994,35.861853999999994,36.452386999999995,36.99191499999999,37.35810599999999,37.814910999999995,38.176919999999996,39.12189599999999,40.00805799999999,40.29431799999999,41.28578499999999,41.73021399999999,42.43965399999999,43.01187299999999,43.148806999999984,44.089632999999985,44.730949999999986,44.96367799999999,45.28935699999999,45.46750099999999,45.97863699999999,46.42156599999999,46.624174999999994,46.80579099999999,47.06011099999999,47.541442999999994,48.41262199999999,48.93391199999999
131-2806658,,,,,,,,,,,,,,,,,,,,,0,0.268821,1.662732,1.918824,2.251833,2.488267,2.77067,3.421262,3.898474,4.252617,4.3439749999999995,4.628862,4.87308,5.03212,5.211767,5.88168,6.898348,7.178082000000001,7.678492,7.989261,8.239063,8.52728,8.836832999999999,9.059143999999998,9.356119999999999,9.628903999999999,9.875040999999998,10.299941999999998,10.622492999999999,10.861309999999998,11.182955999999997,11.396387999999996,11.931159999999997,12.235740999999997,12.490163999999996,12.836965999999997,14.570240999999996,15.383293999999996,17.282848999999995,17.540329999999994,18.197722999999993,18.62136999999999,19.13087999999999,20.61678099999999,22.79719699999999,23.10549799999999,23.41280699999999,23.80449099999999,24.37344899999999,25.27058099999999,25.54153599999999,26.59223199999999,27.527632999999987,29.372692999999988,30.997174999999988,31.539009999999987,32.324691999999985,32.95297199999998,33.51560699999998,34.02497299999998,34.24190699999998,34.82275499999999,35.042022999999986,35.63255599999999,36.172083999999984,36.538274999999985,36.99507999999999,37.35708899999999,38.302064999999985,39.18822699999998,39.47448699999998,40.46595399999998,40.91038299999998,41.61982299999998,42.19204199999998,42.328975999999976,43.26980199999998,43.91111899999998,44.14384699999998,44.46952599999998,44.647669999999984,45.158805999999984,45.601734999999984,45.804343999999986,45.985959999999984,46.240279999999984,46.721611999999986,47.592790999999984,48.114080999999985
132-2803657,,,,,,,,,,,,,,,,,,,,,,0,1.3939110000000001,1.650003,1.983012,2.219446,2.501849,3.152441,3.6296530000000002,3.9837960000000003,4.075154,4.360041000000001,4.604259000000001,4.763299000000001,4.942946000000001,5.612859000000001,6.629527000000001,6.909261000000002,7.409671000000001,7.720440000000001,7.970242000000001,8.258459,8.568012,8.790322999999999,9.087299,9.360083,9.606219999999999,10.031120999999999,10.353672,10.592488999999999,10.914134999999998,11.127566999999997,11.662338999999998,11.966919999999998,12.221342999999997,12.568144999999998,14.301419999999997,15.114472999999997,17.014027999999996,17.271508999999995,17.928901999999994,18.352548999999993,18.86205899999999,20.34795999999999,22.52837599999999,22.83667699999999,23.14398599999999,23.535669999999993,24.10462799999999,25.00175999999999,25.27271499999999,26.32341099999999,27.25881199999999,29.10387199999999,30.72835399999999,31.270188999999988,32.05587099999999,32.684150999999986,33.246785999999986,33.756151999999986,33.97308599999999,34.55393399999999,34.77320199999999,35.36373499999999,35.90326299999999,36.26945399999999,36.72625899999999,37.08826799999999,38.03324399999999,38.91940599999999,39.20566599999999,40.19713299999999,40.641561999999986,41.35100199999999,41.923220999999984,42.06015499999998,43.00098099999998,43.64229799999998,43.875025999999984,44.200704999999985,44.37884899999999,44.88998499999999,45.33291399999999,45.53552299999999,45.71713899999999,45.97145899999999,46.45279099999999,47.32396999999999,47.84525999999999
133-2806659,,,,,,,,,,,,,,,,,,,,,,,0,0.256092,0.589101,0.825535,1.107938,1.7585300000000001,2.235742,2.589885,2.6812430000000003,2.96613,3.210348,3.3693880000000003,3.5490350000000004,4.218948,5.235616,5.515350000000001,6.01576,6.326529,6.576331,6.864548,7.174101,7.396412000000001,7.693388000000001,7.966172,8.212309,8.63721,8.959761,9.198578,9.520223999999999,9.733655999999998,10.268427999999998,10.573008999999999,10.827431999999998,11.174233999999998,12.907508999999997,13.720561999999997,15.620116999999997,15.877597999999997,16.534990999999998,16.958637999999997,17.468147999999996,18.954048999999994,21.134464999999995,21.442765999999995,21.750074999999995,22.141758999999997,22.710716999999995,23.607848999999995,23.878803999999995,24.929499999999994,25.864900999999993,27.709960999999993,29.334442999999993,29.876277999999992,30.661959999999993,31.290239999999994,31.852874999999994,32.362241,32.579175,33.160023,33.379291,33.969824,34.509352,34.875543,35.332348,35.694357000000004,36.639333,37.525495,37.811755,38.803222,39.247651,39.957091,40.529309999999995,40.66624399999999,41.60706999999999,42.248386999999994,42.481114999999996,42.806794,42.984938,43.496074,43.939003,44.141612,44.323228,44.577548,45.05888,45.930059,46.451349
134-2800560,,,,,,,,,,,,,,,,,,,,,,,,0,0.333009,0.569443,0.8518460000000001,1.5024380000000002,1.9796500000000001,2.333793,2.425151,2.710038,2.954256,3.113296,3.292943,3.9628560000000004,4.9795240000000005,5.259258000000001,5.759668000000001,6.070437000000001,6.320239000000001,6.608456000000001,6.918009000000001,7.140320000000002,7.437296000000002,7.710080000000001,7.956217000000001,8.381118,8.703669000000001,8.942486,9.264132,9.477564,10.012336,10.316917,10.57134,10.918142,12.651416999999999,13.464469999999999,15.364024999999998,15.621505999999998,16.278899,16.702545999999998,17.212055999999997,18.697956999999995,20.878372999999996,21.186673999999996,21.493982999999997,21.885666999999998,22.454624999999997,23.351756999999996,23.622711999999996,24.673407999999995,25.608808999999994,27.453868999999994,29.078350999999994,29.620185999999993,30.405867999999995,31.034147999999995,31.596782999999995,32.106148999999995,32.323083,32.903931,33.123199,33.713732,34.25326,34.619451,35.076256,35.438265,36.383241,37.269403,37.555662999999996,38.547129999999996,38.991558999999995,39.700998999999996,40.27321799999999,40.41015199999999,41.35097799999999,41.99229499999999,42.22502299999999,42.550701999999994,42.728846,43.239982,43.682911,43.88552,44.067136,44.321456,44.802788,45.673967,46.195257
135-2803766,,,,,,,,,,,,,,,,,,,,,,,,,0,0.236434,0.518837,1.169429,1.646641,2.000784,2.092142,2.377029,2.621247,2.780287,2.959934,3.629847,4.646515,4.926249,5.426659000000001,5.737428,5.98723,6.275447000000001,6.585000000000001,6.807311000000001,7.104287000000001,7.377071000000001,7.623208000000001,8.048109,8.37066,8.609477,8.931123,9.144554999999999,9.679326999999999,9.983908,10.238330999999999,10.585132999999999,12.318407999999998,13.131460999999998,15.031015999999997,15.288496999999998,15.945889999999999,16.369536999999998,16.879046999999996,18.364947999999995,20.545363999999996,20.853664999999996,21.160973999999996,21.552657999999997,22.121615999999996,23.018747999999995,23.289702999999996,24.340398999999994,25.275799999999993,27.120859999999993,28.745341999999994,29.287176999999993,30.072858999999994,30.701138999999994,31.263773999999994,31.773139999999994,31.990073999999993,32.570921999999996,32.790189999999996,33.380722999999996,33.92025099999999,34.286441999999994,34.743247,35.105256,36.050231999999994,36.93639399999999,37.22265399999999,38.21412099999999,38.65854999999999,39.36798999999999,39.94020899999999,40.077142999999985,41.01796899999999,41.65928599999999,41.89201399999999,42.21769299999999,42.39583699999999,42.906972999999994,43.34990199999999,43.552510999999996,43.734126999999994,43.988446999999994,44.469778999999996,45.34095799999999,45.862247999999994
136-2804993,,,,,,,,,,,,,,,,,,,,,,,,,,0,0.282403,0.932995,1.410207,1.7643499999999999,1.855708,2.140595,2.384813,2.543853,2.7235,3.393413,4.410081,4.689815,5.190225,5.5009939999999995,5.750795999999999,6.039013,6.348566,6.570877,6.867853,7.140637,7.386774,7.811675,8.134226,8.373043,8.694688999999999,8.908120999999998,9.442892999999998,9.747473999999999,10.001896999999998,10.348698999999998,12.081973999999999,12.895026999999999,14.794581999999998,15.052062999999999,15.709456,16.133103,16.642612999999997,18.128513999999996,20.308929999999997,20.617230999999997,20.924539999999997,21.316224,21.885181999999997,22.782313999999996,23.053268999999997,24.103964999999995,25.039365999999994,26.884425999999994,28.508907999999995,29.050742999999994,29.836424999999995,30.464704999999995,31.027339999999995,31.536705999999995,31.753639999999994,32.33448799999999,32.55375599999999,33.14428899999999,33.68381699999999,34.05000799999999,34.506812999999994,34.868821999999994,35.81379799999999,36.69995999999999,36.98621999999999,37.97768699999999,38.42211599999999,39.13155599999999,39.703774999999986,39.84070899999998,40.781534999999984,41.422851999999985,41.655579999999986,41.98125899999999,42.15940299999999,42.67053899999999,43.11346799999999,43.31607699999999,43.49769299999999,43.75201299999999,44.23334499999999,45.10452399999999,45.62581399999999
137-2807092,,,,,,,,,,,,,,,,,,,,,,,,,,,0,0.6505920000000001,1.127804,1.481947,1.573305,1.8581919999999998,2.10241,2.26145,2.441097,3.1110100000000003,4.127678,4.407412000000001,4.907822000000001,5.218591000000001,5.468393000000001,5.756610000000001,6.066163000000001,6.288474000000002,6.585450000000002,6.858234000000001,7.104371000000001,7.5292720000000015,7.851823000000001,8.09064,8.412286,8.625717999999999,9.16049,9.465071,9.719494,10.066296,11.799571,12.612624,14.512179,14.76966,15.427053,15.850700000000002,16.360210000000002,17.846111,20.026527,20.334828,20.642137,21.033821000000003,21.602779,22.499911,22.770866,23.821562,24.756963,26.602023,28.226505,28.76834,29.554022,30.182302,30.744937,31.254303,31.471237,32.052085,32.271353,32.861886,33.401413999999995,33.767604999999996,34.22441,34.586419,35.531394999999996,36.417556999999995,36.703816999999994,37.695283999999994,38.13971299999999,38.849152999999994,39.42137199999999,39.55830599999999,40.49913199999999,41.14044899999999,41.37317699999999,41.69885599999999,41.876999999999995,42.388135999999996,42.831064999999995,43.033674,43.215289999999996,43.469609999999996,43.950942,44.822120999999996,45.343410999999996
138-2800385,,,,,,,,,,,,,,,,,,,,,,,,,,,,0,0.47721199999999997,0.831355,0.922713,1.2076,1.451818,1.6108580000000001,1.790505,2.4604179999999998,3.477086,3.75682,4.25723,4.5679989999999995,4.817800999999999,5.106018,5.415571,5.637882,5.934858,6.207642,6.453779,6.87868,7.201231,7.440048,7.761694,7.975126,8.509898,8.814479,9.068902,9.415704,11.148979,11.962032,13.861587,14.119068,14.776461000000001,15.200108000000002,15.709618000000003,17.195519,19.375935000000002,19.684236000000002,19.991545000000002,20.383229000000004,20.952187000000002,21.849319,22.120274000000002,23.17097,24.106371,25.951431,27.575913,28.117748,28.90343,29.53171,30.094345,30.603711,30.820645,31.401493,31.620760999999998,32.211293999999995,32.75082199999999,33.11701299999999,33.573817999999996,33.935826999999996,34.88080299999999,35.76696499999999,36.05322499999999,37.04469199999999,37.48912099999999,38.19856099999999,38.77077999999999,38.907713999999984,39.848539999999986,40.489856999999986,40.72258499999999,41.04826399999999,41.22640799999999,41.73754399999999,42.18047299999999,42.383081999999995,42.56469799999999,42.81901799999999,43.300349999999995,44.17152899999999,44.69281899999999
139-2800536,,,,,,,,,,,,,,,,,,,,,,,,,,,,,0,0.354143,0.445501,0.730388,0.9746060000000001,1.1336460000000002,1.3132930000000003,1.9832060000000002,2.999874,3.279608,3.780018,4.090787,4.340589,4.628806,4.938359,5.1606700000000005,5.457646,5.73043,5.976567,6.401468,6.724019,6.962836,7.284482000000001,7.497914000000001,8.032686,8.337267,8.59169,8.938492,10.671767,11.48482,13.384374999999999,13.641855999999999,14.299249,14.722896,15.232406000000001,16.718307,18.898723,19.207024,19.514333,19.906017000000002,20.474975,21.372107,21.643062,22.693758,23.629158999999998,25.474218999999998,27.098701,27.640535999999997,28.426218,29.054498,29.617133,30.126499,30.343432999999997,30.924280999999997,31.143548999999997,31.734081999999997,32.27361,32.639801,33.096606,33.458615,34.403591,35.289753,35.576012999999996,36.567479999999996,37.011908999999996,37.721349,38.29356799999999,38.43050199999999,39.37132799999999,40.01264499999999,40.245372999999994,40.571051999999995,40.749196,41.260332,41.703261,41.90587,42.087486,42.341806,42.823138,43.694317,44.215607
140-2807212,,,,,,,,,,,,,,,,,,,,,,,,,,,,,,0,0.09135800000000001,0.376245,0.620463,0.7795030000000001,0.9591500000000001,1.629063,2.645731,2.925465,3.425875,3.736644,3.986446,4.274663,4.5842160000000005,4.806527000000001,5.103503000000001,5.3762870000000005,5.6224240000000005,6.047325000000001,6.3698760000000005,6.608693000000001,6.930339000000001,7.143771000000001,7.678543000000001,7.983124000000001,8.237547000000001,8.584349000000001,10.317624000000002,11.130677000000002,13.030232000000002,13.287713000000002,13.945106000000003,14.368753000000003,14.878263000000004,16.364164000000002,18.544580000000003,18.852881000000004,19.160190000000004,19.551874000000005,20.120832000000004,21.017964000000003,21.288919000000003,22.339615000000002,23.275016,25.120076,26.744558,27.286393,28.072075,28.700355000000002,29.262990000000002,29.772356000000002,29.98929,30.570138,30.789406,31.379939,31.919467,32.285658,32.742463,33.104472,34.049448,34.93561,35.221869999999996,36.213336999999996,36.657765999999995,37.367205999999996,37.93942499999999,38.07635899999999,39.01718499999999,39.65850199999999,39.89122999999999,40.216908999999994,40.395053,40.906189,41.349118,41.551727,41.733343,41.987663,42.468995,43.340174,43.861464
141-2803764,,,,,,,,,,,,,,,,,,,,,,,,,,,,,,,0,0.284887,0.5291049999999999,0.688145,0.867792,1.5377049999999999,2.554373,2.834107,3.334517,3.645286,3.895088,4.183305,4.492858,4.715169,5.012145,5.284929,5.531066,5.955967,6.278518,6.517335,6.838981,7.0524130000000005,7.587185000000001,7.8917660000000005,8.146189,8.492991,10.226265999999999,11.039318999999999,12.938873999999998,13.196354999999999,13.853748,14.277395,14.786905,16.272806,18.453222,18.761523,19.068832,19.460516000000002,20.029474,20.926606,21.197561,22.248257,23.183657999999998,25.028717999999998,26.6532,27.195034999999997,27.980717,28.608997,29.171632,29.680998,29.897931999999997,30.478779999999997,30.698047999999996,31.288580999999997,31.828108999999998,32.1943,32.651105,33.013114,33.95809,34.844252,35.130511999999996,36.121978999999996,36.566407999999996,37.275847999999996,37.84806699999999,37.98500099999999,38.92582699999999,39.56714399999999,39.79987199999999,40.125550999999994,40.303695,40.814831,41.25776,41.460369,41.641985,41.896305,42.377637,43.248816,43.770106
142-2800530,,,,,,,,,,,,,,,,,,,,,,,,,,,,,,,,0,0.244218,0.403258,0.582905,1.252818,2.269486,2.54922,3.04963,3.360399,3.610201,3.898418,4.207971,4.430282,4.727258,5.000042,5.246179,5.67108,5.993631,6.232448,6.554094,6.767526,7.302298,7.606879,7.861302,8.208104,9.941379000000001,10.754432000000001,12.653987,12.911468000000001,13.568861000000002,13.992508000000003,14.502018000000003,15.987919000000003,18.168335000000003,18.476636000000003,18.783945000000003,19.175629000000004,19.744587000000003,20.641719000000002,20.912674000000003,21.96337,22.898771,24.743831,26.368313,26.910148,27.69583,28.32411,28.886745,29.396111,29.613045,30.193893,30.413161,31.003694,31.543222,31.909413,32.366218,32.728227000000004,33.673203,34.559365,34.845625,35.837092,36.281521,36.990961,37.563179999999996,37.70011399999999,38.64093999999999,39.282256999999994,39.514984999999996,39.840664,40.018808,40.529944,40.972873,41.175482,41.357098,41.611418,42.09275,42.963929,43.485219
143-2800523,,,,,,,,,,,,,,,,,,,,,,,,,,,,,,,,,0,0.15904000000000001,0.338687,1.0086,2.025268,2.305002,2.805412,3.116181,3.365983,3.6542,3.963753,4.186064,4.48304,4.755824,5.001961,5.426862,5.749413,5.98823,6.309876,6.523308,7.05808,7.362661,7.617084,7.9638860000000005,9.697161000000001,10.510214000000001,12.409769,12.667250000000001,13.324643000000002,13.748290000000003,14.257800000000003,15.743701000000003,17.924117000000003,18.232418000000003,18.539727000000003,18.931411000000004,19.500369000000003,20.397501000000002,20.668456000000003,21.719152,22.654553,24.499613,26.124095,26.66593,27.451612,28.079892,28.642527,29.151893,29.368827,29.949675,30.168943,30.759476,31.299004,31.665195,32.122,32.484009,33.428985,34.315146999999996,34.601406999999995,35.592873999999995,36.037302999999994,36.746742999999995,37.31896199999999,37.45589599999999,38.39672199999999,39.03803899999999,39.27076699999999,39.59644599999999,39.774589999999996,40.285726,40.728654999999996,40.931264,41.11288,41.3672,41.848532,42.719711,43.241001
144-2800519,,,,,,,,,,,,,,,,,,,,,,,,,,,,,,,,,,0,0.179647,0.84956,1.866228,2.145962,2.646372,2.957141,3.206943,3.49516,3.804713,4.027024,4.324,4.5967839999999995,4.842921,5.267822,5.590373,5.82919,6.150836,6.364268,6.89904,7.203621,7.458044,7.804846,9.538121,10.351174,12.250729,12.50821,13.165603,13.589250000000002,14.098760000000002,15.584661000000002,17.765077,18.073378,18.380687,18.772371000000003,19.341329,20.238461,20.509416,21.560112,22.495513,24.340573,25.965055,26.50689,27.292572,27.920852,28.483487,28.992853,29.209787,29.790634999999998,30.009902999999998,30.600436,31.139964,31.506155,31.96296,32.324968999999996,33.26994499999999,34.15610699999999,34.44236699999999,35.43383399999999,35.87826299999999,36.58770299999999,37.15992199999999,37.296855999999984,38.237681999999985,38.878998999999986,39.11172699999999,39.43740599999999,39.61554999999999,40.12668599999999,40.56961499999999,40.772223999999994,40.95383999999999,41.20815999999999,41.689491999999994,42.56067099999999,43.08196099999999
145-2800517,,,,,,,,,,,,,,,,,,,,,,,,,,,,,,,,,,,0,0.669913,1.686581,1.9663150000000003,2.4667250000000003,2.7774940000000004,3.027296,3.315513,3.6250660000000003,3.8473770000000003,4.144353000000001,4.417137,4.663274,5.088175000000001,5.410726,5.649543,5.971189000000001,6.184621000000001,6.719393000000001,7.023974000000001,7.278397000000001,7.625199000000001,9.358474000000001,10.171527000000001,12.071082,12.328563,12.985956000000002,13.409603000000002,13.919113000000003,15.405014000000003,17.585430000000002,17.893731000000002,18.201040000000003,18.592724000000004,19.161682000000003,20.058814,20.329769000000002,21.380465,22.315866,24.160926,25.785408,26.327243,27.112925,27.741205,28.30384,28.813206,29.03014,29.610988,29.830256,30.420789,30.960317,31.326508,31.783313,32.145322,33.090298,33.976459999999996,34.262719999999995,35.254186999999995,35.698615999999994,36.408055999999995,36.98027499999999,37.11720899999999,38.05803499999999,38.69935199999999,38.93207999999999,39.25775899999999,39.435902999999996,39.947039,40.389967999999996,40.592577,40.774193,41.028513,41.509845,42.381024,42.902314
146-2800515,,,,,,,,,,,,,,,,,,,,,,,,,,,,,,,,,,,,0,1.0166680000000001,1.296402,1.796812,2.107581,2.357383,2.6456,2.955153,3.177464,3.47444,3.747224,3.993361,4.418262,4.740813,4.97963,5.3012760000000005,5.514708000000001,6.049480000000001,6.354061000000001,6.608484000000001,6.955286000000001,8.688561,9.501614,11.401169,11.65865,12.316043,12.739690000000001,13.249200000000002,14.735101000000002,16.915517,17.223818,17.531127,17.922811000000003,18.491769,19.388901,19.659856,20.710552,21.645953,23.491013,25.115495,25.657329999999998,26.443012,27.071292,27.633927,28.143293,28.360227,28.941074999999998,29.160342999999997,29.750875999999998,30.290404,30.656595,31.1134,31.475409,32.420384999999996,33.306546999999995,33.59280699999999,34.58427399999999,35.02870299999999,35.738142999999994,36.31036199999999,36.44729599999999,37.38812199999999,38.02943899999999,38.26216699999999,38.58784599999999,38.765989999999995,39.277125999999996,39.720054999999995,39.922664,40.104279999999996,40.358599999999996,40.839932,41.711110999999995,42.232400999999996
147-2805304,,,,,,,,,,,,,,,,,,,,,,,,,,,,,,,,,,,,,0,0.27973400000000004,0.7801440000000001,1.090913,1.340715,1.628932,1.938485,2.160796,2.457772,2.730556,2.976693,3.4015940000000002,3.724145,3.962962,4.284608,4.4980400000000005,5.032812000000001,5.3373930000000005,5.591816000000001,5.938618000000001,7.671893000000001,8.484946,10.384501,10.641982,11.299375000000001,11.723022000000002,12.232532000000003,13.718433000000003,15.898849000000002,16.207150000000002,16.514459000000002,16.906143000000004,17.475101000000002,18.372233,18.643188000000002,19.693884,20.629285,22.474345,24.098827,24.640662,25.426344,26.054624,26.617259,27.126625,27.343559,27.924407,28.143674999999998,28.734208,29.273736,29.639927,30.096732,30.458741,31.403717,32.289879,32.576139,33.567606,34.012035,34.721475,35.293693999999995,35.43062799999999,36.37145399999999,37.012770999999994,37.245498999999995,37.571177999999996,37.749322,38.260458,38.703387,38.905996,39.087612,39.341932,39.823264,40.694443,41.215733
148-2800498,,,,,,,,,,,,,,,,,,,,,,,,,,,,,,,,,,,,,,0,0.50041,0.8111790000000001,1.0609810000000002,1.3491980000000001,1.658751,1.881062,2.178038,2.450822,2.696959,3.1218600000000003,3.4444110000000006,3.6832280000000006,4.004874000000001,4.218306000000001,4.753078000000001,5.057659000000001,5.312082000000001,5.658884000000001,7.392159000000001,8.205212000000001,10.104767,10.362248000000001,11.019641000000002,11.443288000000003,11.952798000000003,13.438699000000003,15.619115000000004,15.927416000000004,16.234725000000005,16.626409000000006,17.195367000000005,18.092499000000004,18.363454000000004,19.414150000000003,20.349551,22.194611000000002,23.819093000000002,24.360928,25.146610000000003,25.774890000000003,26.337525000000003,26.846891000000003,27.063825,27.644673,27.863941,28.454474,28.994002000000002,29.360193000000002,29.816998,30.179007000000002,31.123983000000003,32.010145,32.296405,33.287872,33.732301,34.441741,35.01396,35.150893999999994,36.091719999999995,36.733036999999996,36.965765,37.291444,37.469588,37.980724,38.423653,38.626262000000004,38.807878,39.062198,39.543530000000004,40.414709,40.935999
149-2800497,,,,,,,,,,,,,,,,,,,,,,,,,,,,,,,,,,,,,,,0,0.310769,0.560571,0.8487880000000001,1.158341,1.380652,1.677628,1.950412,2.196549,2.6214500000000003,2.944001,3.182818,3.504464,3.717896,4.252668,4.557249,4.811672,5.158474,6.891749,7.704802,9.604357,9.861838,10.519231000000001,10.942878000000002,11.452388000000003,12.938289000000003,15.118705000000002,15.427006000000002,15.734315000000002,16.125999000000004,16.694957000000002,17.592089,17.863044000000002,18.91374,19.849141,21.694201,23.318683,23.860518,24.6462,25.27448,25.837115,26.346481,26.563415,27.144263,27.363531,27.954064,28.493592,28.859783,29.316588,29.678597,30.623573,31.509735,31.795994999999998,32.787462,33.231891,33.941331,34.513549999999995,34.65048399999999,35.59130999999999,36.232626999999994,36.465354999999995,36.791033999999996,36.969178,37.480314,37.923243,38.125852,38.307468,38.561788,39.04312,39.914299,40.435589
150-2800493,,,,,,,,,,,,,,,,,,,,,,,,,,,,,,,,,,,,,,,,0,0.249802,0.538019,0.847572,1.069883,1.3668589999999998,1.639643,1.88578,2.310681,2.6332320000000005,2.8720490000000005,3.1936950000000004,3.4071270000000005,3.9418990000000003,4.24648,4.500903,4.847705,6.58098,7.394033,9.293588,9.551069,10.208462,10.632109000000002,11.141619000000002,12.627520000000002,14.807936000000002,15.116237000000002,15.423546000000002,15.815230000000001,16.384188,17.28132,17.552275,18.602971,19.538372,21.383432,23.007914,23.549749,24.335431,24.963711,25.526346,26.035712,26.252646,26.833493999999998,27.052761999999998,27.643295,28.182823,28.549014,29.005819,29.367828,30.312804,31.198966,31.485225999999997,32.476693,32.921122,33.630562,34.202780999999995,34.33971499999999,35.28054099999999,35.92185799999999,36.154585999999995,36.480264999999996,36.658409,37.169545,37.612474,37.815083,37.996699,38.251019,38.732351,39.60353,40.12482
151-2800344,,,,,,,,,,,,,,,,,,,,,,,,,,,,,,,,,,,,,,,,,0,0.288217,0.59777,0.8200810000000001,1.117057,1.389841,1.6359780000000002,2.0608790000000003,2.3834300000000006,2.6222470000000007,2.9438930000000005,3.1573250000000006,3.6920970000000004,3.996678,4.251101,4.5979030000000005,6.331178,7.144231,9.043786,9.301267000000001,9.958660000000002,10.382307000000003,10.891817000000003,12.377718000000003,14.558134000000003,14.866435000000003,15.173744000000003,15.565428000000002,16.134386000000003,17.031518000000002,17.302473000000003,18.353169,19.28857,21.13363,22.758112,23.299947,24.085629,24.713909,25.276544,25.78591,26.002844,26.583692,26.80296,27.393493,27.933021,28.299212,28.756017,29.118026,30.063002,30.949164,31.235424,32.226890999999995,32.671319999999994,33.380759999999995,33.95297899999999,34.08991299999999,35.03073899999999,35.67205599999999,35.90478399999999,36.23046299999999,36.408606999999996,36.919743,37.362671999999996,37.565281,37.746897,38.001217,38.482549,39.353728,39.875018
152-2800481,,,,,,,,,,,,,,,,,,,,,,,,,,,,,,,,,,,,,,,,,,0,0.309553,0.531864,0.82884,1.1016240000000002,1.3477610000000002,1.7726620000000002,2.095213,2.3340300000000003,2.655676,2.869108,3.40388,3.708461,3.962884,4.309686,6.042961,6.856014,8.755569,9.01305,9.670443,10.094090000000001,10.603600000000002,12.089501000000002,14.269917000000003,14.578218000000003,14.885527000000003,15.277211000000003,15.846169000000003,16.743301000000002,17.014256000000003,18.064952,19.000353,20.845413,22.469895,23.01173,23.797412,24.425692,24.988327,25.497693,25.714627,26.295475,26.514743,27.105276,27.644804,28.010995,28.4678,28.829809,29.774785,30.660947,30.947207,31.938674,32.383103,33.092543,33.664761999999996,33.80169599999999,34.742521999999994,35.383838999999995,35.616566999999996,35.942246,36.12039,36.631526,37.074455,37.277064,37.45868,37.713,38.194332,39.065511,39.586801
153-2805944,,,,,,,,,,,,,,,,,,,,,,,,,,,,,,,,,,,,,,,,,,,0,0.222311,0.519287,0.7920710000000001,1.038208,1.463109,1.78566,2.024477,2.346123,2.559555,3.094327,3.3989079999999996,3.6533309999999997,4.000133,5.733408,6.546461,8.446016,8.703497,9.360890000000001,9.784537000000002,10.294047000000003,11.779948000000003,13.960364000000002,14.268665000000002,14.575974000000002,14.967658000000002,15.536616000000002,16.433748,16.704703000000002,17.755399,18.6908,20.53586,22.160342,22.702177,23.487859,24.116139,24.678774,25.18814,25.405074,25.985922,26.205189999999998,26.795723,27.335251,27.701442,28.158247,28.520256,29.465232,30.351394,30.637653999999998,31.629120999999998,32.07355,32.78299,33.355208999999995,33.49214299999999,34.43296899999999,35.074285999999994,35.307013999999995,35.632692999999996,35.810837,36.321973,36.764902,36.967511,37.149127,37.403447,37.884779,38.755958,39.277248
154-2803595,,,,,,,,,,,,,,,,,,,,,,,,,,,,,,,,,,,,,,,,,,,,0,0.296976,0.56976,0.8158970000000001,1.240798,1.563349,1.8021660000000002,2.123812,2.337244,2.8720160000000003,3.176597,3.43102,3.777822,5.5110969999999995,6.3241499999999995,8.223704999999999,8.481186,9.138579,9.562226,10.071736000000001,11.557637000000001,13.738053,14.046354000000001,14.353663000000001,14.745347,15.314305000000001,16.211437,16.482392,17.533088,18.468488999999998,20.313549,21.938031,22.479865999999998,23.265548,23.893828,24.456463,24.965829,25.182762999999998,25.763610999999997,25.982878999999997,26.573411999999998,27.11294,27.479131,27.935935999999998,28.297945,29.242921,30.129082999999998,30.415342999999996,31.406809999999997,31.851238999999996,32.56067899999999,33.13289799999999,33.26983199999999,34.21065799999999,34.85197499999999,35.08470299999999,35.41038199999999,35.588525999999995,36.099661999999995,36.542590999999994,36.7452,36.926815999999995,37.181135999999995,37.662468,38.533646999999995,39.054936999999995
155-2800468,,,,,,,,,,,,,,,,,,,,,,,,,,,,,,,,,,,,,,,,,,,,,0,0.272784,0.518921,0.9438219999999999,1.266373,1.50519,1.8268360000000001,2.040268,2.5750400000000004,2.879621,3.1340440000000003,3.480846,5.2141210000000004,6.0271740000000005,7.926729,8.18421,8.841603000000001,9.265250000000002,9.774760000000002,11.260661000000002,13.441077000000003,13.749378000000004,14.056687000000004,14.448371000000003,15.017329000000004,15.914461000000003,16.185416000000004,17.236112000000002,18.171513,20.016573,21.641055,22.18289,22.968572,23.596852000000002,24.159487000000002,24.668853000000002,24.885787,25.466635,25.685903,26.276436,26.815964,27.182155,27.63896,28.000969,28.945945000000002,29.832107,30.118367,31.109834,31.554263,32.263703,32.835922,32.97285599999999,33.913681999999994,34.554998999999995,34.787727,35.113406,35.29155,35.802686,36.245615,36.448224,36.62984,36.88416,37.365492,38.236671,38.757961
156-2800465,,,,,,,,,,,,,,,,,,,,,,,,,,,,,,,,,,,,,,,,,,,,,,0,0.246137,0.671038,0.993589,1.2324060000000001,1.554052,1.767484,2.302256,2.6068369999999996,2.8612599999999997,3.2080619999999995,4.941336999999999,5.754389999999999,7.6539449999999984,7.911425999999999,8.568819,8.992466,9.501976,10.987877000000001,13.168293000000002,13.476594000000002,13.783903000000002,14.175587000000002,14.744545000000002,15.641677000000001,15.912632000000002,16.963328,17.898729,19.743789,21.368271,21.910106,22.695788,23.324068,23.886703,24.396069,24.613003,25.193851,25.413119,26.003652,26.54318,26.909371,27.366176,27.728185,28.673161,29.559323,29.845582999999998,30.837049999999998,31.281478999999997,31.990918999999998,32.563137999999995,32.70007199999999,33.64089799999999,34.282214999999994,34.514942999999995,34.840621999999996,35.018766,35.529902,35.972831,36.17544,36.357056,36.611376,37.092708,37.963887,38.485177
157-2800462,,,,,,,,,,,,,,,,,,,,,,,,,,,,,,,,,,,,,,,,,,,,,,,0,0.42490100000000003,0.747452,0.9862690000000001,1.307915,1.521347,2.056119,2.3606999999999996,2.6151229999999996,2.9619249999999995,4.6952,5.508253,7.407807999999999,7.665289,8.322682,8.746329000000001,9.255839000000002,10.741740000000002,12.922156000000001,13.230457000000001,13.537766000000001,13.929450000000001,14.498408000000001,15.39554,15.666495000000001,16.717191,17.652592,19.497652,21.122134,21.663968999999998,22.449651,23.077931,23.640566,24.149932,24.366865999999998,24.947713999999998,25.166981999999997,25.757514999999998,26.297043,26.663234,27.120039,27.482048,28.427024,29.313185999999998,29.599445999999997,30.590912999999997,31.035341999999996,31.744781999999997,32.317001,32.453934999999994,33.394760999999995,34.036077999999996,34.268806,34.594485,34.772629,35.283765,35.726694,35.929303000000004,36.110919,36.365239,36.846571000000004,37.71775,38.23904
158-2800460,,,,,,,,,,,,,,,,,,,,,,,,,,,,,,,,,,,,,,,,,,,,,,,,0,0.32255100000000003,0.5613680000000001,0.8830140000000001,1.096446,1.631218,1.935799,2.190222,2.5370239999999997,4.270299,5.083352,6.982906999999999,7.240387999999999,7.897780999999999,8.321428,8.830938,10.316839,12.497255,12.805556,13.112865,13.504548999999999,14.073507,14.970638999999998,15.241594,16.292289999999998,17.227690999999997,19.072750999999997,20.697232999999997,21.239067999999996,22.024749999999997,22.653029999999998,23.215664999999998,23.725030999999998,23.941964999999996,24.522812999999996,24.742080999999995,25.332613999999996,25.872141999999997,26.238332999999997,26.695137999999996,27.057146999999997,28.002122999999997,28.888284999999996,29.174544999999995,30.166011999999995,30.610440999999994,31.319880999999995,31.892099999999996,32.029033999999996,32.96986,33.611177,33.843905,34.169584,34.347728000000004,34.858864000000004,35.301793,35.504402000000006,35.686018000000004,35.940338000000004,36.421670000000006,37.292849000000004,37.814139000000004
159-2800453,,,,,,,,,,,,,,,,,,,,,,,,,,,,,,,,,,,,,,,,,,,,,,,,,0,0.238817,0.5604629999999999,0.773895,1.308667,1.613248,1.867671,2.214473,3.947748,4.760801,6.660356,6.9178370000000005,7.57523,7.998877,8.508387,9.994288000000001,12.174704000000002,12.483005000000002,12.790314000000002,13.181998000000002,13.750956000000002,14.648088000000001,14.919043000000002,15.969739000000002,16.905140000000003,18.750200000000003,20.374682000000004,20.916517000000002,21.702199000000004,22.330479000000004,22.893114000000004,23.402480000000004,23.619414000000003,24.200262000000002,24.41953,25.010063000000002,25.549591000000003,25.915782000000004,26.372587000000003,26.734596000000003,27.679572000000004,28.565734000000003,28.851994,29.843461,30.28789,30.99733,31.569549000000002,31.706483000000002,32.647309,33.288626,33.521354,33.847033,34.025177000000006,34.53631300000001,34.979242000000006,35.18185100000001,35.36346700000001,35.61778700000001,36.09911900000001,36.97029800000001,37.49158800000001
160-2800458,,,,,,,,,,,,,,,,,,,,,,,,,,,,,,,,,,,,,,,,,,,,,,,,,,0,0.321646,0.5350779999999999,1.06985,1.374431,1.628854,1.975656,3.7089309999999998,4.521984,6.421538999999999,6.6790199999999995,7.336412999999999,7.760059999999999,8.26957,9.755471,11.935887000000001,12.244188000000001,12.551497000000001,12.943181000000001,13.512139000000001,14.409271,14.680226000000001,15.730922000000001,16.666323000000002,18.511383000000002,20.135865000000003,20.6777,21.463382000000003,22.091662000000003,22.654297000000003,23.163663000000003,23.380597,23.961445,24.180713,24.771246,25.310774000000002,25.676965000000003,26.133770000000002,26.495779000000002,27.440755000000003,28.326917,28.613177,29.604644,30.049073,30.758513,31.330732,31.467666,32.408492,33.049809,33.282537000000005,33.608216000000006,33.78636000000001,34.29749600000001,34.74042500000001,34.94303400000001,35.12465000000001,35.37897000000001,35.86030200000001,36.73148100000001,37.25277100000001
161-2800330,,,,,,,,,,,,,,,,,,,,,,,,,,,,,,,,,,,,,,,,,,,,,,,,,,,0,0.213432,0.7482040000000001,1.052785,1.3072080000000001,1.6540100000000002,3.3872850000000003,4.200338,6.099893,6.357374,7.014767,7.438414,7.9479239999999995,9.433824999999999,11.614241,11.922542,12.229851,12.621535,13.190493,14.087625,14.35858,15.409276,16.344677,18.189737,19.814219,20.356054,21.141736,21.770016000000002,22.332651000000002,22.842017000000002,23.058951,23.639799,23.859067,24.4496,24.989128,25.355319,25.812124,26.174133,27.119109,28.005271,28.291531,29.282998,29.727427,30.436867,31.009086,31.14602,32.086846,32.728163,32.960891000000004,33.286570000000005,33.46471400000001,33.97585000000001,34.41877900000001,34.62138800000001,34.80300400000001,35.05732400000001,35.53865600000001,36.40983500000001,36.93112500000001
162-2800473,,,,,,,,,,,,,,,,,,,,,,,,,,,,,,,,,,,,,,,,,,,,,,,,,,,,0,0.534772,0.839353,1.093776,1.4405780000000001,3.1738530000000003,3.9869060000000003,5.886461000000001,6.143942000000001,6.801335000000001,7.224982000000001,7.734492,9.220393,11.400808999999999,11.709109999999999,12.016418999999999,12.408102999999999,12.977060999999999,13.874192999999998,14.145147999999999,15.195844,16.131245,17.976305,19.600787,20.142622,20.928304,21.556584,22.119219,22.628585,22.845519,23.426367,23.645635,24.236168,24.775696,25.141887,25.598692,25.960701,26.905677,27.791839,28.078098999999998,29.069566,29.513994999999998,30.223435,30.795654,30.932588,31.873414,32.514731,32.747459,33.073138,33.251282,33.762418000000004,34.205347,34.407956000000006,34.589572000000004,34.843892000000004,35.325224000000006,36.196403000000004,36.717693000000004
163-2800476,,,,,,,,,,,,,,,,,,,,,,,,,,,,,,,,,,,,,,,,,,,,,,,,,,,,,0,0.304581,0.5590040000000001,0.9058060000000001,2.639081,3.452134,5.351689,5.609170000000001,6.2665630000000005,6.69021,7.19972,8.685621,10.866036999999999,11.174337999999999,11.481646999999999,11.873330999999999,12.442288999999999,13.339420999999998,13.610375999999999,14.661071999999999,15.596473,17.441533,19.066015,19.60785,20.393532,21.021812,21.584447,22.093813,22.310747,22.891595,23.110863,23.701396,24.240924,24.607115,25.06392,25.425929,26.370905,27.257067,27.543326999999998,28.534793999999998,28.979222999999998,29.688663,30.260882,30.397816,31.338642,31.979959,32.212687,32.538366,32.71651000000001,33.22764600000001,33.67057500000001,33.87318400000001,34.05480000000001,34.30912000000001,34.79045200000001,35.66163100000001,36.18292100000001
164-2800487,,,,,,,,,,,,,,,,,,,,,,,,,,,,,,,,,,,,,,,,,,,,,,,,,,,,,,0,0.254423,0.601225,2.3345,3.147553,5.047108,5.304589,5.961982,6.385629,6.8951389999999995,8.381039999999999,10.561456,10.869757,11.177066,11.56875,12.137708,13.034839999999999,13.305795,14.356491,15.291892,17.136952,18.761434,19.303269,20.088951,20.717231,21.279866000000002,21.789232000000002,22.006166,22.587014,22.806282,23.396815,23.936343,24.302534,24.759339,25.121348,26.066324,26.952486,27.238746,28.230213,28.674642,29.384082,29.956301,30.093235,31.034061,31.675378000000002,31.908106000000004,32.233785000000005,32.41192900000001,32.92306500000001,33.36599400000001,33.56860300000001,33.75021900000001,34.00453900000001,34.48587100000001,35.35705000000001,35.87834000000001
165-2805285,,,,,,,,,,,,,,,,,,,,,,,,,,,,,,,,,,,,,,,,,,,,,,,,,,,,,,,0,0.346802,2.0800769999999997,2.8931299999999998,4.792685,5.050166,5.707559,6.131206,6.640715999999999,8.126617,10.307033,10.615334,10.922643,11.314327,11.883285,12.780417,13.051372,14.102068000000001,15.037469000000002,16.882529,18.507011000000002,19.048846,19.834528000000002,20.462808000000003,21.025443000000003,21.534809000000003,21.751743,22.332591,22.551859,23.142392,23.68192,24.048111000000002,24.504916,24.866925000000002,25.811901000000002,26.698063,26.984323,27.97579,28.420219,29.129659,29.701878,29.838812,30.779638000000002,31.420955000000003,31.653683000000004,31.979362000000005,32.157506000000005,32.668642000000006,33.111571000000005,33.31418000000001,33.495796000000006,33.750116000000006,34.23144800000001,35.102627000000005,35.623917000000006
166-2800490,,,,,,,,,,,,,,,,,,,,,,,,,,,,,,,,,,,,,,,,,,,,,,,,,,,,,,,,0,1.733275,2.546328,4.445883,4.7033640000000005,5.360757,5.784404,6.293914,7.779815,9.960231,10.268532,10.575841,10.967525,11.536483,12.433615,12.70457,13.755266,14.690667000000001,16.535727,18.160209000000002,18.702044,19.487726000000002,20.116006000000002,20.678641000000002,21.188007000000002,21.404941,21.985789,22.205057,22.79559,23.335118,23.701309000000002,24.158114,24.520123,25.465099000000002,26.351261,26.637521,27.628988,28.073417,28.782857,29.355076,29.49201,30.432836,31.074153000000003,31.306881000000004,31.632560000000005,31.810704000000005,32.32184,32.764769,32.967378000000004,33.148994,33.403314,33.884646000000004,34.755825,35.277115
167-2807090,,,,,,,,,,,,,,,,,,,,,,,,,,,,,,,,,,,,,,,,,,,,,,,,,,,,,,,,,0,0.813053,2.712608,2.9700889999999998,3.6274819999999997,4.0511289999999995,4.560638999999999,6.046539999999999,8.226956,8.535257,8.842566,9.23425,9.803208,10.700339999999999,10.971295,12.021991,12.957392,14.802452,16.426934,16.968768999999998,17.754451,18.382731,18.945366,19.454732,19.671666,20.252513999999998,20.471781999999997,21.062314999999998,21.601843,21.968034,22.424839,22.786848,23.731824,24.617986,24.904245999999997,25.895712999999997,26.340141999999997,27.049581999999997,27.621800999999998,27.758734999999998,28.699561,29.340878,29.573606,29.899285000000003,30.077429000000002,30.588565000000003,31.031494000000002,31.234103,31.415719000000003,31.670039000000003,32.151371000000005,33.02255,33.54384
168-2807094,,,,,,,,,,,,,,,,,,,,,,,,,,,,,,,,,,,,,,,,,,,,,,,,,,,,,,,,,,0,1.8995549999999999,2.1570359999999997,2.8144289999999996,3.2380759999999995,3.7475859999999996,5.233486999999999,7.4139029999999995,7.722204,8.029513,8.421197,8.990155,9.887286999999999,10.158242,11.208938,12.144339,13.989399,15.613881000000001,16.155716,16.941398000000003,17.569678000000003,18.132313000000003,18.641679000000003,18.858613000000002,19.439461,19.658729,20.249262,20.788790000000002,21.154981000000003,21.611786000000002,21.973795000000003,22.918771000000003,23.804933000000002,24.091193,25.08266,25.527089,26.236529,26.808748,26.945682,27.886508000000003,28.527825000000004,28.760553000000005,29.086232000000006,29.264376000000006,29.775512000000006,30.218441000000006,30.421050000000005,30.602666000000006,30.856986000000006,31.338318000000005,32.209497000000006,32.73078700000001
169-2800023,,,,,,,,,,,,,,,,,,,,,,,,,,,,,,,,,,,,,,,,,,,,,,,,,,,,,,,,,,,0,0.257481,0.914874,1.338521,1.8480310000000002,3.333932,5.514348,5.822649,6.129958,6.521642,7.0906,7.987732,8.258687,9.309383,10.244784000000001,12.089844000000001,13.714326000000002,14.256161000000002,15.041843000000002,15.670123000000002,16.232758,16.742124,16.959058,17.539906,17.759173999999998,18.349707,18.889235,19.255426,19.712231,20.07424,21.019216,21.905378,22.191637999999998,23.183104999999998,23.627533999999997,24.336973999999998,24.909193,25.046127,25.986953,26.62827,26.860998000000002,27.186677000000003,27.364821000000003,27.875957000000003,28.318886000000003,28.521495,28.703111,28.957431,29.438762999999998,30.309942,30.831232
170-2800054,,,,,,,,,,,,,,,,,,,,,,,,,,,,,,,,,,,,,,,,,,,,,,,,,,,,,,,,,,,,0,0.657393,1.08104,1.59055,3.0764509999999996,5.256867,5.565168,5.872477,6.264161,6.833119,7.730251,8.001206,9.051902,9.987303,11.832363,13.456845000000001,13.998680000000002,14.784362000000002,15.412642000000002,15.975277000000002,16.484643000000002,16.701577,17.282425,17.501693,18.092226,18.631754,18.997945,19.45475,19.816759,20.761735,21.647897,21.934157,22.925624,23.370053,24.079493,24.651712,24.788646,25.729472,26.370789000000002,26.603517000000004,26.929196000000005,27.107340000000004,27.618476000000005,28.061405000000004,28.264014000000003,28.44563,28.69995,29.181282,30.052461,30.573751
171-2806660,,,,,,,,,,,,,,,,,,,,,,,,,,,,,,,,,,,,,,,,,,,,,,,,,,,,,,,,,,,,,0,0.42364700000000005,0.933157,2.4190579999999997,4.599474,4.907775,5.215084,5.606768,6.175726,7.072858,7.343813,8.394509,9.32991,11.17497,12.799452,13.341287000000001,14.126969,14.755249000000001,15.317884000000001,15.827250000000001,16.044184,16.625032,16.8443,17.434833,17.974361000000002,18.340552000000002,18.797357,19.159366000000002,20.104342000000003,20.990504,21.276764,22.268231,22.71266,23.4221,23.994319,24.131253,25.072079000000002,25.713396000000003,25.946124000000005,26.271803000000006,26.449947000000005,26.961083000000006,27.404012000000005,27.606621000000004,27.788237000000002,28.042557000000002,28.523889,29.395068000000002,29.916358000000002
172-2805419,,,,,,,,,,,,,,,,,,,,,,,,,,,,,,,,,,,,,,,,,,,,,,,,,,,,,,,,,,,,,,0,0.50951,1.9954109999999998,4.175827,4.484128,4.791437,5.183121,5.752079,6.649211,6.920166,7.970862,8.906263000000001,10.751323000000001,12.375805000000001,12.917640000000002,13.703322000000002,14.331602000000002,14.894237000000002,15.403603000000002,15.620537000000002,16.201385000000002,16.420653,17.011186000000002,17.550714000000003,17.916905000000003,18.373710000000003,18.735719000000003,19.680695000000004,20.566857000000002,20.853117,21.844584,22.289013,22.998453,23.570672000000002,23.707606000000002,24.648432000000003,25.289749000000004,25.522477000000006,25.848156000000007,26.026300000000006,26.537436000000007,26.980365000000006,27.182974000000005,27.364590000000007,27.618910000000007,28.100242000000005,28.971421000000007,29.492711000000007
173-2805722,,,,,,,,,,,,,,,,,,,,,,,,,,,,,,,,,,,,,,,,,,,,,,,,,,,,,,,,,,,,,,,0,1.485901,3.6663170000000003,3.9746180000000004,4.2819270000000005,4.673611,5.2425690000000005,6.1397010000000005,6.410656,7.461352,8.396753,10.241813,11.866295000000001,12.408130000000002,13.193812000000001,13.822092000000001,14.384727000000002,14.894093000000002,15.111027000000002,15.691875000000001,15.911143000000001,16.501676,17.041204,17.407395,17.8642,18.226209,19.171185,20.057347,20.343607,21.335074,21.779503,22.488943,23.061162,23.198096,24.138922,24.780239,25.012967000000003,25.338646000000004,25.516790000000004,26.027926000000004,26.470855000000004,26.673464000000003,26.85508,27.1094,27.590732,28.461911,28.983201
174-2805399,,,,,,,,,,,,,,,,,,,,,,,,,,,,,,,,,,,,,,,,,,,,,,,,,,,,,,,,,,,,,,,,0,2.180416,2.4887170000000003,2.7960260000000003,3.1877100000000005,3.7566680000000003,4.6538,4.924755,5.975451,6.910851999999999,8.755911999999999,10.380393999999999,10.922229,11.707911,12.336191,12.898826,13.408192,13.625126,14.205974,14.425241999999999,15.015775,15.555303,15.921494000000001,16.378299000000002,16.740308000000002,17.685284000000003,18.571446,18.857706,19.849173,20.293602,21.003042,21.575261,21.712195,22.653021000000003,23.294338000000003,23.527066000000005,23.852745000000006,24.030889000000005,24.542025000000006,24.984954000000005,25.187563000000004,25.369179000000003,25.623499000000002,26.104831,26.976010000000002,27.497300000000003
175-2800034,,,,,,,,,,,,,,,,,,,,,,,,,,,,,,,,,,,,,,,,,,,,,,,,,,,,,,,,,,,,,,,,,0,0.30830100000000005,0.61561,1.007294,1.5762519999999998,2.473384,2.7443389999999996,3.7950349999999995,4.730435999999999,6.575495999999999,8.199978,8.741813,9.527495,10.155775,10.71841,11.227776,11.44471,12.025558,12.244826,12.835359,13.374887000000001,13.741078000000002,14.197883000000001,14.559892000000001,15.504868000000002,16.39103,16.67729,17.668757,18.113186,18.822626,19.394845,19.531779,20.472605,21.113922000000002,21.346650000000004,21.672329000000005,21.850473000000004,22.361609000000005,22.804538000000004,23.007147000000003,23.188763,23.443083,23.924415,24.795594,25.316884
176-2800047,,,,,,,,,,,,,,,,,,,,,,,,,,,,,,,,,,,,,,,,,,,,,,,,,,,,,,,,,,,,,,,,,,0,0.307309,0.698993,1.267951,2.165083,2.436038,3.4867339999999998,4.422135,6.267195,7.891677,8.433512,9.219194,9.847474,10.410109,10.919475,11.136409,11.717257,11.936525,12.527058,13.066586000000001,13.432777000000002,13.889582,14.251591000000001,15.196567000000002,16.082729,16.368989,17.360456,17.804885,18.514325,19.086544,19.223478,20.164304,20.805621000000002,21.038349000000004,21.364028000000005,21.542172000000004,22.053308000000005,22.496237000000004,22.698846000000003,22.880462,23.134782,23.616114,24.487293,25.008583
177-2804479,,,,,,,,,,,,,,,,,,,,,,,,,,,,,,,,,,,,,,,,,,,,,,,,,,,,,,,,,,,,,,,,,,,0,0.39168400000000003,0.960642,1.857774,2.128729,3.1794249999999997,4.114826,5.959886,7.5843679999999996,8.126203,8.911885,9.540165,10.1028,10.612166,10.8291,11.409948,11.629216,12.219749,12.759277,13.125468000000001,13.582273,13.944282000000001,14.889258000000002,15.775420000000002,16.061680000000003,17.053147000000003,17.497576000000002,18.207016000000003,18.779235000000003,18.916169000000004,19.856995000000005,20.498312000000006,20.731040000000007,21.056719000000008,21.234863000000008,21.74599900000001,22.188928000000008,22.391537000000007,22.573153000000005,22.827473000000005,23.308805000000003,24.179984000000005,24.701274000000005
178-2804480,,,,,,,,,,,,,,,,,,,,,,,,,,,,,,,,,,,,,,,,,,,,,,,,,,,,,,,,,,,,,,,,,,,,0,0.568958,1.46609,1.737045,2.7877409999999996,3.7231419999999997,5.568201999999999,7.192684,7.734519,8.520201,9.148481,9.711116,10.220482,10.437416,11.018264,11.237532,11.828065,12.367593000000001,12.733784000000002,13.190589000000001,13.552598000000001,14.497574000000002,15.383736000000003,15.669996000000003,16.661463,17.105892,17.815332,18.387551000000002,18.524485000000002,19.465311000000003,20.106628000000004,20.339356000000006,20.665035000000007,20.843179000000006,21.354315000000007,21.797244000000006,21.999853000000005,22.181469000000007,22.435789000000007,22.917121000000005,23.788300000000007,24.309590000000007
179-2804481,,,,,,,,,,,,,,,,,,,,,,,,,,,,,,,,,,,,,,,,,,,,,,,,,,,,,,,,,,,,,,,,,,,,,0,0.8971319999999999,1.1680869999999999,2.2187829999999997,3.154184,4.999244,6.623726,7.165560999999999,7.951243,8.579523,9.142158,9.651524,9.868458,10.449306,10.668574,11.259107,11.798635,12.164826000000001,12.621631,12.983640000000001,13.928616000000002,14.814778000000002,15.101038000000003,16.092505000000003,16.536934000000002,17.246374000000003,17.818593000000003,17.955527000000004,18.896353000000005,19.537670000000006,19.770398000000007,20.096077000000008,20.274221000000008,20.78535700000001,21.228286000000008,21.430895000000007,21.612511000000005,21.866831000000005,22.348163000000003,23.219342000000005,23.740632000000005
180-2803585,,,,,,,,,,,,,,,,,,,,,,,,,,,,,,,,,,,,,,,,,,,,,,,,,,,,,,,,,,,,,,,,,,,,,,0,0.270955,1.321651,2.257052,4.102112,5.726594,6.268429,7.054111000000001,7.682391000000001,8.245026000000001,8.754392000000001,8.971326000000001,9.552174,9.771442,10.361975000000001,10.901503000000002,11.267694000000002,11.724499000000002,12.086508000000002,13.031484000000003,13.917646000000003,14.203906000000003,15.195373000000004,15.639802000000003,16.349242000000004,16.921461000000004,17.058395000000004,17.999221000000006,18.640538000000006,18.873266000000008,19.19894500000001,19.37708900000001,19.88822500000001,20.33115400000001,20.533763000000008,20.715379000000006,20.969699000000006,21.451031000000004,22.322210000000005,22.843500000000006
181-2803586,,,,,,,,,,,,,,,,,,,,,,,,,,,,,,,,,,,,,,,,,,,,,,,,,,,,,,,,,,,,,,,,,,,,,,,0,1.0506959999999999,1.986097,3.831157,5.455639,5.9974739999999995,6.783156,7.411436,7.974071,8.483437,8.700371,9.281219,9.500487,10.09102,10.630548000000001,10.996739000000002,11.453544,11.815553000000001,12.760529000000002,13.646691000000002,13.932951000000003,14.924418000000003,15.368847000000002,16.078287000000003,16.650506000000004,16.787440000000004,17.728266000000005,18.369583000000006,18.602311000000007,18.92799000000001,19.106134000000008,19.61727000000001,20.060199000000008,20.262808000000007,20.444424000000005,20.698744000000005,21.180076000000003,22.051255000000005,22.572545000000005
182-2805219,,,,,,,,,,,,,,,,,,,,,,,,,,,,,,,,,,,,,,,,,,,,,,,,,,,,,,,,,,,,,,,,,,,,,,,,0,0.935401,2.780461,4.404942999999999,4.946777999999999,5.73246,6.36074,6.923375,7.432741,7.649675,8.230523,8.449791,9.040324,9.579852,9.946043000000001,10.402848,10.764857000000001,11.709833000000001,12.595995000000002,12.882255000000002,13.873722000000003,14.318151000000002,15.027591000000003,15.599810000000003,15.736744000000003,16.677570000000003,17.318887000000004,17.551615000000005,17.877294000000006,18.055438000000006,18.566574000000006,19.009503000000006,19.212112000000005,19.393728000000003,19.648048000000003,20.12938,21.000559000000003,21.521849000000003
183-2800057,,,,,,,,,,,,,,,,,,,,,,,,,,,,,,,,,,,,,,,,,,,,,,,,,,,,,,,,,,,,,,,,,,,,,,,,,0,1.84506,3.4695419999999997,4.0113769999999995,4.797058999999999,5.425338999999999,5.9879739999999995,6.4973399999999994,6.714274,7.295121999999999,7.514389999999999,8.104923,8.644451,9.010642,9.467447,9.829456,10.774432000000001,11.660594000000001,11.946854000000002,12.938321000000002,13.382750000000001,14.092190000000002,14.664409000000003,14.801343000000003,15.742169000000002,16.383486,16.616214000000003,16.941893000000004,17.120037000000004,17.631173000000004,18.074102000000003,18.276711000000002,18.458327000000004,18.712647000000004,19.193979000000002,20.065158000000004,20.586448000000004
184-2800006,,,,,,,,,,,,,,,,,,,,,,,,,,,,,,,,,,,,,,,,,,,,,,,,,,,,,,,,,,,,,,,,,,,,,,,,,,0,1.624482,2.1663170000000003,2.9519990000000003,3.5802790000000004,4.142914,4.65228,4.869214,5.450062,5.6693299999999995,6.259862999999999,6.799390999999999,7.165581999999999,7.622386999999999,7.9843959999999985,8.929371999999999,9.815534,10.101794,11.093261,11.53769,12.24713,12.819349,12.956283,13.897109,14.538426000000001,14.771154000000001,15.096833,15.274977,15.786113,16.229042,16.431651,16.613267,16.867587,17.348919,18.220098,18.741388
185-2806651,,,,,,,,,,,,,,,,,,,,,,,,,,,,,,,,,,,,,,,,,,,,,,,,,,,,,,,,,,,,,,,,,,,,,,,,,,,0,0.5418350000000001,1.327517,1.955797,2.518432,3.0277979999999998,3.244732,3.82558,4.044848,4.635381,5.1749089999999995,5.541099999999999,5.997904999999999,6.359914,7.30489,8.191052,8.477312000000001,9.468779000000001,9.913208000000001,10.622648000000002,11.194867000000002,11.331801000000002,12.272627000000002,12.913944000000003,13.146672000000002,13.472351000000002,13.650495000000001,14.161631000000002,14.604560000000001,14.807169000000002,14.988785000000002,15.243105000000002,15.724437000000002,16.595616000000003,17.116906000000004
186-2806649,,,,,,,,,,,,,,,,,,,,,,,,,,,,,,,,,,,,,,,,,,,,,,,,,,,,,,,,,,,,,,,,,,,,,,,,,,,,0,0.785682,1.4139620000000002,1.9765970000000002,2.485963,2.702897,3.283745,3.503013,4.093546,4.633074,4.999264999999999,5.4560699999999995,5.818078999999999,6.763055,7.649217,7.935477000000001,8.926944,9.371373,10.080813000000001,10.653032000000001,10.789966000000002,11.730792000000001,12.372109000000002,12.604837000000002,12.930516,13.10866,13.619796000000001,14.062725,14.265334000000001,14.446950000000001,14.701270000000001,15.182602000000001,16.053781,16.575071
187-2806648,,,,,,,,,,,,,,,,,,,,,,,,,,,,,,,,,,,,,,,,,,,,,,,,,,,,,,,,,,,,,,,,,,,,,,,,,,,,,0,0.6282800000000001,1.190915,1.700281,1.917215,2.4980629999999997,2.7173309999999997,3.3078639999999995,3.8473919999999993,4.213582999999999,4.670387999999999,5.032397,5.977373,6.863535000000001,7.149795000000001,8.141262000000001,8.585691,9.295131000000001,9.867350000000002,10.004284000000002,10.945110000000001,11.586427000000002,11.819155000000002,12.144834000000001,12.322978,12.834114000000001,13.277043,13.479652000000002,13.661268000000002,13.915588000000001,14.396920000000001,15.268099000000001,15.789389000000002
188-2806645,,,,,,,,,,,,,,,,,,,,,,,,,,,,,,,,,,,,,,,,,,,,,,,,,,,,,,,,,,,,,,,,,,,,,,,,,,,,,,0,0.562635,1.072001,1.288935,1.869783,2.089051,2.679584,3.219112,3.585303,4.042108,4.404116999999999,5.349093,6.235255,6.521515000000001,7.512982000000001,7.957411000000001,8.666851000000001,9.239070000000002,9.376004000000002,10.316830000000001,10.958147000000002,11.190875000000002,11.516554000000001,11.694698,12.205834000000001,12.648763,12.851372000000001,13.032988000000001,13.287308000000001,13.768640000000001,14.639819000000001,15.161109000000002
189-2806643,,,,,,,,,,,,,,,,,,,,,,,,,,,,,,,,,,,,,,,,,,,,,,,,,,,,,,,,,,,,,,,,,,,,,,,,,,,,,,,0,0.509366,0.7263,1.3071479999999998,1.5264159999999998,2.116949,2.6564769999999998,3.022668,3.479473,3.841482,4.786458,5.67262,5.958880000000001,6.950347000000001,7.394776000000001,8.104216000000001,8.676435000000001,8.813369000000002,9.754195000000001,10.395512000000002,10.628240000000002,10.953919,11.132063,11.643199000000001,12.086128,12.288737000000001,12.470353000000001,12.724673000000001,13.206005000000001,14.077184,14.598474000000001
190-2804538,,,,,,,,,,,,,,,,,,,,,,,,,,,,,,,,,,,,,,,,,,,,,,,,,,,,,,,,,,,,,,,,,,,,,,,,,,,,,,,,0,0.21693400000000002,0.797782,1.01705,1.607583,2.1471109999999998,2.513302,2.970107,3.332116,4.277092,5.163254,5.449514000000001,6.440981000000001,6.885410000000001,7.594850000000001,8.167069000000001,8.304003000000002,9.244829000000001,9.886146000000002,10.118874000000002,10.444553,10.622697,11.133833000000001,11.576762,11.779371000000001,11.960987000000001,12.215307000000001,12.696639000000001,13.567818,14.089108000000001
191-2804536,,,,,,,,,,,,,,,,,,,,,,,,,,,,,,,,,,,,,,,,,,,,,,,,,,,,,,,,,,,,,,,,,,,,,,,,,,,,,,,,,0,0.5808479999999999,0.8001159999999999,1.3906489999999998,1.9301769999999998,2.2963679999999997,2.753173,3.115182,4.0601579999999995,4.94632,5.2325800000000005,6.2240470000000006,6.668476000000001,7.377916000000001,7.950135,8.087069,9.027895,9.669212,9.90194,10.227618999999999,10.405762999999999,10.916898999999999,11.359827999999998,11.562437,11.744053,11.998372999999999,12.479705,13.350883999999999,13.872174
192-2804065,,,,,,,,,,,,,,,,,,,,,,,,,,,,,,,,,,,,,,,,,,,,,,,,,,,,,,,,,,,,,,,,,,,,,,,,,,,,,,,,,,0,0.219268,0.809801,1.349329,1.71552,2.172325,2.534334,3.47931,4.3654720000000005,4.651732000000001,5.643199000000001,6.087628000000001,6.797068000000001,7.369287000000001,7.506221000000001,8.447047000000001,9.088364000000002,9.321092000000002,9.646771000000001,9.824915,10.336051000000001,10.77898,10.981589000000001,11.163205000000001,11.417525000000001,11.898857000000001,12.770036000000001,13.291326000000002
193-2800297,,,,,,,,,,,,,,,,,,,,,,,,,,,,,,,,,,,,,,,,,,,,,,,,,,,,,,,,,,,,,,,,,,,,,,,,,,,,,,,,,,,0,0.590533,1.130061,1.496252,1.9530569999999998,2.315066,3.260042,4.146204,4.432464,5.4239310000000005,5.868360000000001,6.577800000000001,7.150019,7.2869530000000005,8.227779,8.869096,9.101824,9.427503,9.605647,10.116783,10.559712,10.762321,10.943937,11.198257,11.679589,12.550768,13.072058
194-2800261,,,,,,,,,,,,,,,,,,,,,,,,,,,,,,,,,,,,,,,,,,,,,,,,,,,,,,,,,,,,,,,,,,,,,,,,,,,,,,,,,,,,0,0.539528,0.9057189999999999,1.362524,1.724533,2.669509,3.5556710000000002,3.841931,4.833398,5.277827,5.987267,6.559486,6.69642,7.637246,8.278563,8.511291,8.836969999999999,9.015113999999999,9.52625,9.969178999999999,10.171788,10.353404,10.607724,11.089056,11.960234999999999,12.481525
195-2803997,,,,,,,,,,,,,,,,,,,,,,,,,,,,,,,,,,,,,,,,,,,,,,,,,,,,,,,,,,,,,,,,,,,,,,,,,,,,,,,,,,,,,0,0.366191,0.8229960000000001,1.185005,2.129981,3.016143,3.302403,4.29387,4.7382990000000005,5.447739,6.019958,6.156892,7.097718,7.739035,7.971763,8.297442,8.475586,8.986722,9.429651,9.63226,9.813876,10.068196,10.549528,11.420707,11.941997
196-2800290,,,,,,,,,,,,,,,,,,,,,,,,,,,,,,,,,,,,,,,,,,,,,,,,,,,,,,,,,,,,,,,,,,,,,,,,,,,,,,,,,,,,,,0,0.456805,0.818814,1.7637900000000002,2.6499520000000003,2.9362120000000003,3.9276790000000004,4.372108000000001,5.081548000000001,5.653767,5.790701,6.731527000000001,7.372844000000001,7.605572,7.9312510000000005,8.109395000000001,8.620531000000001,9.063460000000001,9.266069000000002,9.447685000000002,9.702005000000002,10.183337000000002,11.054516000000001,11.575806000000002
197-2800289,,,,,,,,,,,,,,,,,,,,,,,,,,,,,,,,,,,,,,,,,,,,,,,,,,,,,,,,,,,,,,,,,,,,,,,,,,,,,,,,,,,,,,,0,0.362009,1.306985,2.193147,2.479407,3.4708740000000002,3.915303,4.6247430000000005,5.196962,5.333896,6.274722000000001,6.9160390000000005,7.148767,7.474446,7.65259,8.163726,8.606655,8.809264,8.99088,9.2452,9.726532,10.597711,11.119001
198-2803934,,,,,,,,,,,,,,,,,,,,,,,,,,,,,,,,,,,,,,,,,,,,,,,,,,,,,,,,,,,,,,,,,,,,,,,,,,,,,,,,,,,,,,,,0,0.944976,1.8311380000000002,2.117398,3.108865,3.553294,4.262734,4.834953,4.971887,5.912713,6.55403,6.786758,7.112437,7.2905809999999995,7.801716999999999,8.244646,8.447255,8.628871,8.883191,9.364523,10.235702,10.756992
199-2806662,,,,,,,,,,,,,,,,,,,,,,,,,,,,,,,,,,,,,,,,,,,,,,,,,,,,,,,,,,,,,,,,,,,,,,,,,,,,,,,,,,,,,,,,,0,0.8861620000000001,1.172422,2.163889,2.608318,3.317758,3.889977,4.026911,4.9677370000000005,5.609054,5.841782,6.167461,6.345605,6.8567409999999995,7.29967,7.502279,7.683895,7.938215,8.419547,9.290726,9.812016
200-2800286,,,,,,,,,,,,,,,,,,,,,,,,,,,,,,,,,,,,,,,,,,,,,,,,,,,,,,,,,,,,,,,,,,,,,,,,,,,,,,,,,,,,,,,,,,0,0.28626,1.277727,1.722156,2.431596,3.003815,3.140749,4.081575,4.722892,4.95562,5.281299,5.459442999999999,5.970578999999999,6.413507999999999,6.616116999999999,6.797732999999999,7.052052999999999,7.533384999999999,8.404563999999999,8.925854
201-2803932,,,,,,,,,,,,,,,,,,,,,,,,,,,,,,,,,,,,,,,,,,,,,,,,,,,,,,,,,,,,,,,,,,,,,,,,,,,,,,,,,,,,,,,,,,,0,0.991467,1.435896,2.145336,2.717555,2.854489,3.795315,4.436632,4.66936,4.995039,5.173183,5.6843189999999995,6.127248,6.329857,6.511473,6.7657929999999995,7.247125,8.118304,8.639594
202-2803596,,,,,,,,,,,,,,,,,,,,,,,,,,,,,,,,,,,,,,,,,,,,,,,,,,,,,,,,,,,,,,,,,,,,,,,,,,,,,,,,,,,,,,,,,,,,0,0.444429,1.153869,1.7260879999999998,1.863022,2.803848,3.445165,3.6778929999999996,4.003571999999999,4.181715999999999,4.6928519999999985,5.135780999999999,5.338389999999999,5.520005999999999,5.7743259999999985,6.255657999999999,7.126836999999998,7.648126999999998
203-2800283,,,,,,,,,,,,,,,,,,,,,,,,,,,,,,,,,,,,,,,,,,,,,,,,,,,,,,,,,,,,,,,,,,,,,,,,,,,,,,,,,,,,,,,,,,,,,0,0.70944,1.2816589999999999,1.418593,2.359419,3.000736,3.2334639999999997,3.5591429999999997,3.737287,4.248423,4.691352,4.893961,5.075577,5.329897,5.811229,6.682408,7.203697999999999
204-2800281,,,,,,,,,,,,,,,,,,,,,,,,,,,,,,,,,,,,,,,,,,,,,,,,,,,,,,,,,,,,,,,,,,,,,,,,,,,,,,,,,,,,,,,,,,,,,,0,0.5722189999999999,0.7091529999999999,1.649979,2.291296,2.524024,2.849703,3.027847,3.538983,3.981912,4.184521,4.366137,4.620457,5.101789,5.972968,6.494257999999999
205-2800280,,,,,,,,,,,,,,,,,,,,,,,,,,,,,,,,,,,,,,,,,,,,,,,,,,,,,,,,,,,,,,,,,,,,,,,,,,,,,,,,,,,,,,,,,,,,,,,0,0.136934,1.07776,1.719077,1.951805,2.277484,2.455628,2.966764,3.409693,3.6123019999999997,3.7939179999999997,4.048238,4.52957,5.400748999999999,5.922038999999999
206-2800278,,,,,,,,,,,,,,,,,,,,,,,,,,,,,,,,,,,,,,,,,,,,,,,,,,,,,,,,,,,,,,,,,,,,,,,,,,,,,,,,,,,,,,,,,,,,,,,,0,0.940826,1.582143,1.8148710000000001,2.14055,2.3186940000000003,2.8298300000000003,3.272759,3.475368,3.656984,3.911304,4.3926359999999995,5.263814999999999,5.785104999999999
207-2806663,,,,,,,,,,,,,,,,,,,,,,,,,,,,,,,,,,,,,,,,,,,,,,,,,,,,,,,,,,,,,,,,,,,,,,,,,,,,,,,,,,,,,,,,,,,,,,,,,0,0.641317,0.8740450000000001,1.199724,1.377868,1.889004,2.331933,2.5345419999999996,2.7161579999999996,2.9704779999999995,3.4518099999999996,4.322989,4.844278999999999
208-2804031,,,,,,,,,,,,,,,,,,,,,,,,,,,,,,,,,,,,,,,,,,,,,,,,,,,,,,,,,,,,,,,,,,,,,,,,,,,,,,,,,,,,,,,,,,,,,,,,,,0,0.23272800000000002,0.558407,0.736551,1.247687,1.690616,1.893225,2.074841,2.329161,2.810493,3.6816720000000003,4.202962
209-2800260,,,,,,,,,,,,,,,,,,,,,,,,,,,,,,,,,,,,,,,,,,,,,,,,,,,,,,,,,,,,,,,,,,,,,,,,,,,,,,,,,,,,,,,,,,,,,,,,,,,0,0.325679,0.503823,1.014959,1.457888,1.6604970000000001,1.8421130000000001,2.096433,2.5777650000000003,3.4489440000000005,3.9702340000000005
210-2800275,,,,,,,,,,,,,,,,,,,,,,,,,,,,,,,,,,,,,,,,,,,,,,,,,,,,,,,,,,,,,,,,,,,,,,,,,,,,,,,,,,,,,,,,,,,,,,,,,,,,0,0.178144,0.6892799999999999,1.132209,1.334818,1.516434,1.7707540000000002,2.2520860000000003,3.1232650000000004,3.6445550000000004
211-2804713,,,,,,,,,,,,,,,,,,,,,,,,,,,,,,,,,,,,,,,,,,,,,,,,,,,,,,,,,,,,,,,,,,,,,,,,,,,,,,,,,,,,,,,,,,,,,,,,,,,,,0,0.5111359999999999,0.9540649999999999,1.156674,1.33829,1.59261,2.073942,2.9451210000000003,3.4664110000000004
212-2803598,,,,,,,,,,,,,,,,,,,,,,,,,,,,,,,,,,,,,,,,,,,,,,,,,,,,,,,,,,,,,,,,,,,,,,,,,,,,,,,,,,,,,,,,,,,,,,,,,,,,,,0,0.442929,0.645538,0.827154,1.081474,1.5628060000000001,2.4339850000000003,2.9552750000000003
213-2803600,,,,,,,,,,,,,,,,,,,,,,,,,,,,,,,,,,,,,,,,,,,,,,,,,,,,,,,,,,,,,,,,,,,,,,,,,,,,,,,,,,,,,,,,,,,,,,,,,,,,,,,0,0.20260899999999998,0.384225,0.6385449999999999,1.1198769999999998,1.991056,2.512346
214-2800273,,,,,,,,,,,,,,,,,,,,,,,,,,,,,,,,,,,,,,,,,,,,,,,,,,,,,,,,,,,,,,,,,,,,,,,,,,,,,,,,,,,,,,,,,,,,,,,,,,,,,,,,0,0.181616,0.435936,0.917268,1.7884470000000001,2.309737
215-2803601,,,,,,,,,,,,,,,,,,,,,,,,,,,,,,,,,,,,,,,,,,,,,,,,,,,,,,,,,,,,,,,,,,,,,,,,,,,,,,,,,,,,,,,,,,,,,,,,,,,,,,,,,0,0.25432,0.735652,1.6068310000000001,2.128121
216-2804331,,,,,,,,,,,,,,,,,,,,,,,,,,,,,,,,,,,,,,,,,,,,,,,,,,,,,,,,,,,,,,,,,,,,,,,,,,,,,,,,,,,,,,,,,,,,,,,,,,,,,,,,,,0,0.481332,1.352511,1.8738009999999998
217-2803581,,,,,,,,,,,,,,,,,,,,,,,,,,,,,,,,,,,,,,,,,,,,,,,,,,,,,,,,,,,,,,,,,,,,,,,,,,,,,,,,,,,,,,,,,,,,,,,,,,,,,,,,,,,0,0.871179,1.392469
218-2800271,,,,,,,,,,,,,,,,,,,,,,,,,,,,,,,,,,,,,,,,,,,,,,,,,,,,,,,,,,,,,,,,,,,,,,,,,,,,,,,,,,,,,,,,,,,,,,,,,,,,,,,,,,,,0,0.5212899999999999
219-2807150,,,,,,,,,,,,,,,,,,,,,,,,,,,,,,,,,,,,,,,,,,,,,,,,,,,,,,,,,,,,,,,,,,,,,,,,,,,,,,,,,,,,,,,,,,,,,,,,,,,,,,,,,,,,,0
