순번_정류장ID,1-2801796,2-2801793,3-2801779,4-2801766,5-2801756,6-2801749,7-2801743,8-2801185,9-2801687,10-2801184,11-2801665,12-2801604,13-2801520,14-2801485,15-2801450,16-2801438,17-2805321,18-2801462,19-2804438,20-2803644,21-2803555,22-2800688,23-2805582,24-2800715,25-2800729,26-2807073,27-2807056,28-2800799,29-2800804,30-2803056,31-2802651,32-2802638,33-2803669,34-2803046,35-2803045,36-2803071,37-2803082,38-2803093,39-2803107,40-2803121,41-2803125,42-2803232,43-2803181,44-2803254,45-2803258,46-2803263,47-2806495,48-2802802,49-2802806,50-2802840,51-2802886,52-2802934,53-2802984,54-2803020,55-2802429,56-2802467,57-2802470,58-2802465,59-2802463,60-2802460,61-2802450,62-2802455,63-2802438,64-2803517,65-2802422,66-2802418,67-2802415,68-2802412,69-2802372,70-2802474,71-2802487,72-2802530,73-2802546,74-2802562,75-2802571,76-2802581,77-2804851,78-2802588,79-2806672
1-2801796,0,2.7714934319302458,2.0484677591902263,1.6417388476754897,1.4546525610037533,1.3499417713831652,1.2962138160853904,1.2360767911904476,1.2102225560876487,1.1801678905353479,1.1662459219296146,1.1413558876133503,1.1269237594876675,1.1184861673387705,1.1247602034409718,1.155680708480192,1.2835987673556515,1.4242971993083886,1.6034227259226588,2.1628395816405037,2.345534510072167,2.461125963667122,2.6191413559119154,2.7673713397411626,2.854098576283152,2.8317623411741515,3.292078215823629,3.839115437167181,4.19373152186217,4.43668845017978,3.980380988923376,3.8095759619523997,3.5717431283044894,3.3924628599998825,3.327840862395308,3.253351628327027,3.1219030311565623,2.971217296710056,2.8821974095149354,2.8238295973334333,2.7479402755828817,2.8238806231218905,2.7274762755773114,2.655903107929951,2.8570759333213176,3.013235591204939,3.242568372346652,3.4501196555305147,3.5650298311191886,3.6273975958419906,3.457203887488412,3.2856647711014286,3.2098773346486933,3.181917935363387,2.9585471212303425,2.831828461778687,3.0142744233744057,3.1587578131650114,3.2664092644198797,3.410074363958833,3.6606754003427224,3.8988012322172265,3.802463573460276,3.6809987780319835,3.8318585978247657,4.0233176883318045,4.2866967013807,4.455286293182235,4.228171093540096,4.055704140831868,3.963667609210854,3.8145481478113936,3.6453184756884336,3.54605221514106,3.464948133899831,3.3673299215772348,3.345383617955385,3.258065925476376,3.249062344469539
2-2801793,,0,0.9979817891673707,1.0011439970958793,0.9955967792298203,0.9988154434833071,1.0015590604109517,1.003196816457213,1.0076266439032195,1.00531624476604,1.0040283988168248,1.0031233509456592,1.0034895103510628,1.0026655269827505,1.0151275731557723,1.0527801836230914,1.1870307111290532,1.3312489858176741,1.51866871372849,2.039813027330108,1.9935195011751645,2.102628683734627,2.234189039042377,2.3567011373293694,2.4326100579388963,2.433873390510951,2.8133036675984555,3.258142019256971,3.5397891876287457,3.742207375303123,3.408541646302351,3.28220168312474,3.10256294406331,2.966694841213402,2.9171076938192027,2.859444389509125,2.7571822683590415,2.640206786756236,2.570192197049381,2.5242277614789095,2.4703909188465234,2.5424774796159375,2.464779059667786,2.5470197567607276,2.744145968513468,2.8976562035060964,3.122900472831359,3.32754888855369,3.441916941976078,3.5047930544407038,3.3424334109557043,3.176865847077059,3.1041665757435837,3.0791096481455162,2.8651816615621652,2.744090414151392,2.9242157452154443,3.0663098512507956,3.1724821709298507,3.314748451233707,3.561799157159943,3.797221760837041,3.703965544796154,3.585661827613872,3.73637848116484,3.9258987914871044,4.186856142966629,4.354578632385246,4.132508201623595,3.9630306154683987,3.872951854139255,3.7272033566710037,3.561895542809691,3.4649988611955065,3.385898579213977,3.290891592349955,3.2708454838966383,3.1857516159538073,3.1775318776957997
3-2801779,,,0,1.0031680139829582,0.99484388195884,0.9989861991996217,1.0021291976168762,1.0038051822294856,1.0085725380838957,1.0059163046066049,1.0044807205896893,1.0034423007347948,1.0037888978982932,1.002903062614313,1.015950968266497,1.0552924129653927,1.1958705829211338,1.3478825584352028,1.546039307055362,2.0970554042005904,2.0207047508784077,2.1338141484201025,2.271974873398842,2.4010549273742607,2.4806211430135394,2.295499097724169,2.6168525934705285,3.014251093763404,3.263511170984982,3.446919253281506,3.1658228118825473,3.0574229266455797,2.903321893682126,2.785942433158699,2.743938439261708,2.6933354843012722,2.6035413430790317,2.501378807636268,2.440001524143622,2.39903465473043,2.353190910553461,2.423166329459344,2.3537504650651746,2.432455445448986,2.616673410727242,2.759665321514475,2.968837721076591,3.1586477745366768,3.267334794357656,3.32917136069923,3.182239203680711,3.0348036338799127,2.9684981998247926,2.9485856129434027,2.754757396790333,2.64317773464814,2.8149961325369484,2.9495358463800883,3.0496105155995545,3.1831274233086884,3.415375817027158,3.6355575480613016,3.551015377509018,3.4433067986050414,3.587007861890927,3.764547560667125,4.008302906348978,4.165526677027871,3.9623453474936117,3.8076445266926817,3.7248429551994993,3.590682590677766,3.4379113794458944,3.3480982602095346,3.274679627429124,3.186533292668242,3.1697008455115667,3.0902777024771635,3.0829173721678425
4-2801766,,,,0,0.9867431742496525,0.9970181826594469,1.0017847651145881,1.0039464402986888,1.0095504762883705,1.0063190773858839,1.004653941007226,1.0034714159423934,1.0041010205902876,1.0028800500363793,1.016987852306591,1.0593133118644533,1.2110579133426431,1.3770358332521087,1.5946115938919636,1.948464422606454,1.8892739477432507,1.999961215265834,2.1284017724958244,2.2480513519855507,2.323572882443857,2.1624134113745237,2.39035961908126,2.740302834345339,2.9569710462108962,3.1194759791166025,2.891803182448882,2.802526424119237,2.674766484131439,2.576732313362264,2.5410536631979177,2.498603153922665,2.423561415877176,2.3361518141048982,2.28379303180658,2.2488007692774548,2.2139842623529637,2.2799273302426033,2.220416782875106,2.2670291269781377,2.4334244754727563,2.562205671911299,2.749479441272474,2.917520147954368,3.01748194071029,3.078589669011849,2.954591205165469,2.828772149122231,2.7732178860544776,2.7599874243827274,2.5938078715052963,2.4963675205937066,2.6552054185261382,2.7785484846416866,2.8700219980369055,2.991860561636407,3.20277797950733,3.4017714630153018,3.3298785892136338,3.2360616925797854,3.369814300206859,3.530648556064295,3.7505470793090523,3.8932166316388717,3.7167174777268652,3.581563551881981,3.508853220594092,3.3908323058434533,3.2556325700382884,3.1758023198614,3.110416721928409,3.0319999004868414,3.019682750447821,2.948359089651525,2.942218931849481
5-2801756,,,,,0,1.0066402847258518,1.0095565239963795,1.0090501876191098,1.0147598653558387,1.0097893326196112,1.0074703526257194,1.005542695837203,1.0056492822052234,1.004443681010919,1.0197380329731704,1.06556142517893,1.2308248460436966,1.4141823466247776,1.656158573996534,1.7173499558550591,1.6837704898764378,1.7879633879450514,1.89853701375402,2.00083925981022,2.0681083023472318,1.9467983977977363,2.1460140607813427,2.4449131884550646,2.628292088002247,2.7695828917212455,2.5949513451794703,2.5240988887450944,2.424330781744838,2.345535355482374,2.317802301799375,2.2831026434615453,2.2229910415622,2.15216207625248,2.109118923663382,2.0805294116186235,2.0560090242402955,2.1191015875658485,2.0694352739094324,2.11417447329934,2.2649197177793723,2.382603484979467,2.550698325929433,2.701040576123854,2.7930106207928196,2.8531159887092543,2.7471685203568152,2.6415475667494537,2.5940753002874763,2.585812944236228,2.443430637138488,2.3587465728082573,2.5061676282931753,2.619512108261707,2.7033351042967517,2.8144844262730087,3.006939558690421,3.186977138148868,3.126740904834457,3.04456958099867,3.169408083526491,3.3151547821747482,3.5146581129222896,3.6441335226596854,3.4905870470227653,3.3728069902636966,3.308496810380077,3.2050002396085504,3.0849720061108736,3.014333359798955,2.956106397440537,2.8861098301492967,2.878060440092707,2.8140391368560356,2.8087364426664045
6-2801749,,,,,,0,1.0131474506510898,1.0101676801647141,1.0173791564132106,1.0105247678180536,1.0076378627444875,1.0053754592367645,1.0058411362533857,1.0044786986689471,1.021146341332848,1.0715271008951819,1.2541125377721611,1.4602885255687377,1.7348984560982157,1.5060768860584588,1.4933468528965357,1.5910653734471958,1.6863401855703086,1.7739221715718263,1.8340135025769502,1.745574910233203,1.919900665272063,2.1764959312438474,2.3317041681848543,2.454633581522426,2.3214580100100055,2.2680969548225582,2.1900017070446647,2.1287277412425794,2.1066550881361197,2.0800309954876486,2.0321441823778894,1.97581723439231,1.9413020849740712,1.9186353562441303,1.9032070801330456,1.9627042384717068,1.9229153364285259,1.9643650588204193,2.1005844882914833,2.206993681524576,2.3580718596998005,2.491564670717974,2.5775873953634005,2.6349083405122107,2.547395129283811,2.4573066818681215,2.418181635361782,2.4147057704860244,2.294332783997673,2.2217782235965298,2.358046125218533,2.4618979847966407,2.5384852464746315,2.6402055263971014,2.8147099139293696,2.977903720540656,2.9271003792088526,2.8560650288163676,2.972410952853938,3.104883601052222,3.284641130775707,3.402381408032144,3.2701379234681758,3.1674948557584055,3.1117215832981686,3.0209830535907014,2.915817343588405,2.8532049644474653,2.8017552387839264,2.740045293917327,2.735463568279668,2.6786842256689924,2.674672720847957
7-2801743,,,,,,,0,0.993649814930688,1.0100893318392565,1.0041487206150117,1.0017432851239667,1.0008125291652255,1.0021786936054555,1.0007262200861031,1.0195197967324223,1.0743971739627152,1.2734367450795563,1.501800843558733,1.80887213783836,1.4811549986271728,1.4249025908890802,1.4501207089442383,1.5351795439954736,1.6130052089065616,1.6682247552091394,1.6009352579021148,1.7587615616239787,1.9870663939821673,2.1234851288704046,2.2350849588000767,2.129168111662921,2.085323080221733,2.022278276967332,1.9725398920810646,1.954173286612837,1.9321270840727562,1.892693307765543,1.8466732558584777,1.817721101442075,1.7986841725797817,1.7902844881997586,1.8467254779016244,1.8132165162942142,1.8532187273745206,1.9791825193510015,2.077144902861318,2.2160234166948327,2.3389220613295314,2.4192090787160874,2.4756641220064,2.399321914485176,2.321798256438817,2.2876999445856834,2.2874910148039636,2.183210300681261,2.1184520755173546,2.2470357637980083,2.344068021838037,2.415474853280975,2.510223607014488,2.672214299500822,2.82321966644007,2.7792357972015993,2.7162894587989617,2.826209447746234,2.948985104917728,3.115129901049119,3.224996579660993,3.1068207415722533,3.015066963973214,2.9650139357568763,2.8835496410312857,2.7886990288869264,2.7320498865239715,2.685452369559293,2.629930023621103,2.6279942848705544,2.57602504831421,2.572539531191833
8-2801185,,,,,,,,0,1.017751171940942,1.003833957208991,1.000351162418368,0.9996425582025013,1.0011639172643392,0.9999149108605413,1.0223237743641391,1.0865653008396385,1.3040658407056422,1.367246652324811,1.6718189964925974,1.3953583472817128,1.3485492665396883,1.3142432224503464,1.3646190738637225,1.433150365361869,1.4838564503911624,1.4373880613414693,1.5274134503303685,1.718133169896666,1.8305748423966501,1.9264487411812312,1.8540849126649506,1.8241293384205188,1.7797980855943818,1.744512480672775,1.7315078783541429,1.716205051573001,1.688049414071366,1.6549585915933125,1.6341584160794096,1.620428956803488,1.620378323946453,1.6731660365761958,1.6488618574652667,1.6865405449464501,1.7978926099855046,1.8850954101244557,2.006922205421228,2.114143512437358,2.1872680556289197,2.2406579619604026,2.1810559316382494,2.1199109167135273,2.093185480523278,2.0971716900420163,2.0145682940264327,1.9617845298971317,2.078605269813156,2.1657366267317455,2.229423525122769,2.3143375379411606,2.458371752004493,2.5919941486958846,2.5575003795653513,2.505473327117673,2.6375823163033547,2.7487760022668795,2.8987563814810864,2.9987856204871934,2.8977016758116614,2.8188820105722274,2.7756616415025768,2.705332587885728,2.622954077907687,2.5735597164322703,2.532890670001932,2.484647676779868,2.4859793079208172,2.4402621496641594,2.4294204788831717
9-2801687,,,,,,,,,0,0.9925479518975455,0.9913626931120194,0.9946308541548536,0.997840069392519,0.9968426518861568,1.0230303005968575,1.0962961113043326,1.3454561154860571,1.3089943445911554,1.496344310415845,1.295526469014494,1.2611251923353752,1.2355653738967225,1.2842666316036748,1.3495631108730008,1.3989297637504037,1.3609587650113277,1.3858378134263742,1.5554633966824056,1.6543717895537684,1.7416627405333995,1.6871040981438468,1.66428097878718,1.6301731393337655,1.6035155878065495,1.593707709734655,1.5818063122196342,1.5602063141662657,1.5342399472012491,1.5181627054152422,1.5073264049044526,1.512171454931259,1.5623763966518087,1.5435142347639186,1.5794304946421622,1.6817393116283565,1.7623076710872723,1.8734389244585699,1.9707788646602118,2.0399660206803927,2.0917375422299815,2.0420234218154434,1.9903130493606687,1.9679645252274123,1.9745335844044818,1.9049064214390619,1.8589565300928759,1.9690651255499003,2.050263535465897,2.1095621487047835,2.1876444592003534,2.3211554413542985,2.4437107294076346,2.4153524544347187,2.369856513256079,2.494105380500756,2.596625778938336,2.7345431309960566,2.827186421918042,2.7382319834340803,2.6691572441371303,2.63095230684115,2.568567900152867,2.495432396291084,2.451436217092348,2.415188008990958,2.3721775793880435,2.3758647034264544,2.3350446287674367,2.325305631369002
10-2801184,,,,,,,,,,0,0.9892787848550365,0.9957100743427098,1.0002683416348646,0.9985680467589556,0.9994691096926227,1.033666336870622,1.3118251288730407,1.275548639560356,1.229850265805787,1.1418851377868977,1.1262959354050472,1.1140692039714548,1.1429096911163075,1.2006868659742138,1.2461557053131151,1.2236784687090005,1.2313973380901873,1.3793029548306242,1.4647485868475776,1.5425499327327892,1.5060965037362182,1.4900905613468887,1.4669872211267496,1.4478962501002186,1.440898070270229,1.4328674652825477,1.4175628415852082,1.3999898155207204,1.3881156686624792,1.3807763608258399,1.390596012935446,1.4379511076800906,1.4244507097543415,1.4587074264276307,1.5514369194092725,1.6246082929228496,1.725142405505851,1.8125603317901777,1.8764650966990217,1.9269696946759876,1.8863175946152286,1.844561084633891,1.8268185032602724,1.8363843630843055,1.7808923530695104,1.7429457403872581,1.8447373795718034,1.9186793080248534,1.9729034224223452,2.0450299892326886,2.1657416329091714,2.2773526262737738,2.254626228246791,2.2161055288163647,2.3829197053548614,2.479572657863643,2.6093867652510934,2.6971360699501408,2.6169688048526587,2.5541207156948738,2.519393838870355,2.4629771465146577,2.3963112414628256,2.356118879546154,2.323002793482878,2.284069862194174,2.289522115940396,2.2518779017498933,2.243255573846416
11-2801665,,,,,,,,,,,0,0.9984024322659146,1.0027975026673268,1.0002551619942925,1.0009944340469423,1.003297581981676,1.0762494443025643,1.069452230824514,1.0598616110910428,1.0385534491569826,1.0347596644170167,1.0310369971381752,1.0588801263989096,1.112113625693311,1.155092500939048,1.1412255496833135,1.1522619767416897,1.2896470925617003,1.3688287768934289,1.4423670250936074,1.4140031721766921,1.4011065104363298,1.3823273087347634,1.367506225561593,1.3621125698815735,1.3556686544035248,1.343483782610946,1.3294672285988491,1.3201884440602862,1.3141145449606277,1.3263387387904078,1.37241897611258,1.3616450130194988,1.3949443584286751,1.4829559981945502,1.5517510337479923,1.6466753727859866,1.7294269099555577,1.7908571904353308,1.840467378636967,1.8048262160946873,1.7677299792988397,1.752787470085961,1.7630915877525977,1.7149177070280388,1.6808536521096826,1.7780455062413556,1.8488491911319733,1.9004733803204457,1.9687461835051614,2.0837440410876797,2.1895369609512514,2.169318018978501,2.134313952782513,2.293510824242336,2.385048535652413,2.508050729535244,2.5911862059926087,2.5180886977748793,2.460665288406335,2.4290671260105983,2.3771727106377334,2.315902909267222,2.2788831653046646,2.2483754580570876,2.2128343787107156,2.2194511161149735,2.1846174506135725,2.1769281045900706
12-2801604,,,,,,,,,,,,0,1.0062599933628986,1.000487996702469,1.001573907386436,1.0046522776959241,1.0034675193208937,1.0049887432164948,1.0043823285945888,1.003354728117421,1.0033487201672,1.0023109397800962,1.0144440306826172,1.0690870067913656,1.1140156231126193,1.1031550866897926,1.0935519990155107,1.1189573593313136,1.166223590669525,1.2306621594483695,1.217706839015156,1.2112012289538594,1.202058934437077,1.19479859215315,1.192061058495822,1.1892133533675517,1.1833076400464295,1.1764189132642942,1.171832731448726,1.1688963482178056,1.1859578154006967,1.228859651828031,1.2235036212203516,1.2547162014698707,1.3326216683965906,1.3939326053857297,1.47747470480079,1.549700631602528,1.6059259096237648,1.6520528328431154,1.626627408572552,1.6001028053425723,1.5894366649832423,1.6022802747677058,1.5683543663619315,1.5424170416346143,1.631029130390091,1.6946124376763458,1.7405862602688358,1.8016866353729613,1.9038528155677703,1.997465074752284,1.983449481157837,1.9554681433591081,2.097738906041196,2.1783854025080984,2.286617086743684,2.3607037854999646,2.302262809012885,2.255972052105721,2.230115795491285,2.1882856352734996,2.138065245374743,2.107683947370655,2.0828151651464775,2.053689356162103,2.0632456051229577,2.034515281016672,2.0281360194192133
13-2801520,,,,,,,,,,,,,0,0.9907332192904494,0.9976397920610901,1.0038503643456635,1.0025762695544636,1.0046503059292906,1.0039921800238358,1.0030200086981116,1.003056093385875,1.001954569322637,1.0149982204484471,1.0749907979799507,1.1241006786400198,1.1111870566680286,1.1002804117550282,1.1273375702729262,1.1224920198164614,1.14378092210522,1.1360129497563223,1.13206830940558,1.1263473457679414,1.1218586806187618,1.1200384677723876,1.1185960210287602,1.114744380510478,1.112686839403566,1.1095588962540361,1.107900810139744,1.1269956953034463,1.1678169840614068,1.1647876034498712,1.1578665977350864,1.2253768805271774,1.2780208659652392,1.3530737820515608,1.4184297628027018,1.4706780268402389,1.5155028415525378,1.4958758830053422,1.4763269923813593,1.469028495290482,1.4836242293748678,1.4595796919145474,1.4388925119602838,1.5215133063679063,1.5796247739075329,1.6218561710938317,1.67764237938051,1.770954771188615,1.856075692558418,1.8460877346810303,1.8228853751967753,1.9530913854252734,2.0264928726059406,2.1243081196030302,2.192308124499352,2.143572878192275,2.1046659607417593,2.0828988662084837,2.047825476704861,2.005552459142262,1.9797800884451007,1.9587093533713178,1.9344617732038698,1.945882828608731,1.921060496162664,1.916106235699597
14-2801485,,,,,,,,,,,,,,0,1.0044586668680462,1.009343973524074,1.005333920962406,1.0072529616359325,1.0058494171108725,1.0039189794707022,1.003835420886711,1.002587594430569,1.0165160317349782,1.079790364207893,1.131763974125214,1.1175858848540534,1.1056854735533868,1.1336267408359535,1.1283509468579818,1.1504167388912792,1.1420574143683735,1.1376452776909731,1.1316019279595746,1.1267561116007783,1.1249280229121166,1.1230949815702318,1.1192074559569138,1.116673096396488,1.1134518438667491,1.1116683556027285,1.1313013379935435,1.1731339834494057,1.1699404011105725,1.162557881159479,1.2320544575563521,1.274124154428272,1.350959186231604,1.4174971292813305,1.4395318761597358,1.4412465155730139,1.4250310484370141,1.4090738085460328,1.402982744716835,1.418604236512837,1.399488346386798,1.3819530501571016,1.460814945836141,1.5162525619683378,1.5564057516588075,1.609436699893586,1.6978083190468733,1.7784123663535079,1.7703509040620153,1.750169986581371,1.873911657618379,1.943378236062572,2.0358180919971143,2.100670793796044,2.056754863768692,2.021786177524945,2.0023124479976904,1.9705930521270238,1.932388414356937,1.909042310917337,1.889835312637986,1.8682213404250778,1.8805994524606053,1.8580162702616867,1.8535346868997153
15-2801450,,,,,,,,,,,,,,,0,1.0082689043067496,1.0036551060533092,1.0064254068543546,1.005033577091225,1.0033705173226923,1.0033605064841742,1.0020919429608701,1.0022444233969852,1.001176226708809,1.0443979807716628,1.0390838590377185,1.0332482112983685,1.0632080462360998,1.0603972628975504,1.0835266714634273,1.0797819703222584,1.077028233080968,1.0735480678791516,1.0710094801176602,1.0698790046224924,1.0691757178258177,1.067080085087652,1.066734439397144,1.0646587277759236,1.0639145624532047,1.0849713889654924,1.1264024024454433,1.1246431002662889,1.1188721336328475,1.1860761332834353,1.226976483426272,1.3012660961677407,1.365307327314161,1.3879498128319934,1.3782224264680516,1.3643822340739944,1.3512257340356602,1.3467700417464092,1.3625906447110838,1.3477146898054355,1.3326773082478969,1.4087109829375748,1.4620278467222172,1.5005277039911595,1.551248997738503,1.6358212862031893,1.712864031429793,1.7064731784593723,1.6883323368827934,1.8072443537449574,1.8737815525560058,1.9618537725594343,2.023913428206981,1.9839638531424553,1.95227878718813,1.9344811190600069,1.9055706946608961,1.8706125553536221,1.8492092938972966,1.8316175988936474,1.812005805760647,1.825047888478361,1.8044002122833485,1.8004105929435679
16-2801438,,,,,,,,,,,,,,,,0,0.9969804922813522,1.0034054859478048,1.0027495149686887,1.0022043905994937,1.0023797955335478,1.0011198736139668,1.0013245619140019,1.0001987209074614,1.0036685834791859,1.0025331112284064,0.9989086557957214,1.0313717845333386,1.0295733154641225,1.0359842320943777,1.0350576169049754,1.0335211980876577,1.031883310745665,1.0307203178078794,1.0302743757567634,1.030272461271599,1.0293063719231326,1.0441530975078213,1.0427488396979419,1.0421950496677024,1.0646125012953573,1.0936084803037323,1.0929699463467855,1.0882465207652077,1.15491000800334,1.1959109595760475,1.26962904265735,1.333432366855296,1.3566121038468242,1.3390769952647894,1.326868248081636,1.3152185469097573,1.3111498061242957,1.3020886261532416,1.2914593724648897,1.2786970290182205,1.3523199004518427,1.4031675811929067,1.4402858376405951,1.4890319145268904,1.5697363525200467,1.6435251857404292,1.6390780435956627,1.622692892530795,1.736903580699198,1.8003572774987648,1.884626914778931,1.9442715802448567,1.9083172214933983,1.8796474078033354,1.8631837671877456,1.8373216975174536,1.8055528752907959,1.7860650589198959,1.7700717722455814,1.752330979148944,1.7663456345726798,1.7473759700368485,1.74388253817724
17-2805321,,,,,,,,,,,,,,,,,0,1.0120148571463055,1.005500452873229,1.0029293881520862,1.0029989158212653,1.001471671567495,1.001688063593235,1.0004014119076101,1.0040862759941684,1.0029625109150233,0.9991045520128884,1.034387734304716,1.0321466317977555,1.0393196665989604,1.038088229474668,1.0364761558161406,1.034441984124365,1.0330924509962864,1.0325777942359955,1.0325317544934864,1.0314205451786163,1.0470849639982494,1.0457327097031708,1.0449717337214561,1.068646174530328,1.0994552891033034,1.0983522139122484,1.0932884908087974,1.1642147016305162,1.2074975667653813,1.2861078033357394,1.3543972908247333,1.3786625473953755,1.3589641211785497,1.3453180174239476,1.3322542607432586,1.3276085178646928,1.311694610245978,1.2892427784504688,1.2762458548407283,1.3177599563262918,1.3684549900011085,1.4051002543444064,1.453765287839224,1.533978596250832,1.607220674644514,1.6036843325411443,1.5880627034243304,1.696025184687959,1.7589942732119772,1.8424628556066371,1.9016261299677433,1.8671289468222543,1.839490680607084,1.8239737468867974,1.7990802209387937,1.7684915720144447,1.749809450115745,1.7346275303228011,1.7176657854199044,1.7324705527758282,1.714397805027348,1.711142932953382
18-2801462,,,,,,,,,,,,,,,,,,0,1.001664691658953,1.0017762145795888,1.0020890824205586,1.0005722197725484,1.0008505729744386,0.9994984001828093,1.0034990980301408,1.0021770821683706,0.9981584269040656,1.0356593521080626,1.0332450922809744,1.0382967669043817,1.0369311845394646,1.0354294435156879,1.0333597876834275,1.031999752464411,1.0314818799520526,1.0315834646668876,1.0303414008961378,1.0484338743733908,1.046755462365616,1.0462911783635047,1.070401734826156,1.1006405319100219,1.0997881408773518,1.0943077692288048,1.1673961448590893,1.2122172741401194,1.2936070609422272,1.3644620680095454,1.389372780941903,1.3684769776866073,1.3540431225949556,1.3402142870408535,1.3352614210798677,1.3185780117224513,1.2949178753934902,1.2812741085076051,1.3241815202054472,1.3762780342686498,1.4138605686927366,1.4637155283459857,1.546635525331266,1.6222542550058077,1.6178699344394716,1.6016089147302364,1.6872220193808467,1.7507117838827397,1.83476242251885,1.8948589700076808,1.8599013059698606,1.8324936337360578,1.816635198283424,1.7915692990287753,1.7612271284336993,1.7426625504217041,1.7271041461311791,1.710432753839684,1.7253860713159677,1.707329777228424,1.7042142963980547
19-2804438,,,,,,,,,,,,,,,,,,,0,1.0018068607003647,1.0021768607492605,1.0003871157289395,1.0007205310191585,0.9991688054720984,1.004019677996422,1.0024617995293483,0.9977650210241914,1.0392914237467916,1.0366591218074264,1.0335025102640036,1.0325591764165645,1.0309301714570727,1.029089730413153,1.0278196435820457,1.0273366394264993,1.0273969594185612,1.0261038866716756,1.051833119803714,1.0499331264580303,1.0493675364165205,1.075105581388039,1.1011994249553916,1.1000458988151856,1.0943804003035724,1.171446888040089,1.2113150321486048,1.2659842676765074,1.3378296265922902,1.3638455395560463,1.3438326452932132,1.3300422161615437,1.3169809584682888,1.3124395193651626,1.2964247479831725,1.2740796426625922,1.2611667022992747,1.3045813482553419,1.3570986182970164,1.3951931813467786,1.4456299358620548,1.5298478117246634,1.6065315439322752,1.6025683367363013,1.5861233346895764,1.6732964588251769,1.7377628767731554,1.823203862916805,1.8842489866583327,1.848990734208438,1.8215495087192604,1.805733638485334,1.7805415645747584,1.7499363710793816,1.7311868250841975,1.715857319586594,1.6992172459706123,1.7143843130233003,1.696436678246482,1.6932405214555752
20-2803644,,,,,,,,,,,,,,,,,,,,0,1.0033028946015576,0.9981039491245975,0.999211785668054,0.9958956923240908,1.0064498414487715,1.0030013362526968,0.9953112225330926,1.0631368610271024,1.0572857404551215,1.0504542838671,1.046893164733375,1.0440584079755277,1.0404814129273723,1.0380196909837625,1.0369181386417452,1.036909620123505,1.0350202385958729,1.0687204809502842,1.0656598393877352,1.0641245123656846,1.096833241114808,1.1299473313505033,1.1271635263614888,1.1187777861124408,1.2181776197467582,1.2692698988480637,1.3014075314183746,1.392947017076161,1.4242498684600555,1.3955244087327383,1.3760051952875803,1.3578764772542191,1.3513102184065948,1.3301442576223186,1.3006108911669851,1.2840143953915606,1.2949808782020809,1.2885964910777283,1.2832576734838443,1.3241662634868039,1.4071313791373605,1.4829851018810385,1.48176898201864,1.4682897338646739,1.5089425783946688,1.5697341936099858,1.650695055199153,1.7095001309279598,1.6811522325986685,1.6588058160917991,1.6459425552147862,1.6259459079611343,1.6012372238204975,1.5860635070992999,1.5737616071213223,1.5609287020383884,1.578956120068837,1.565815450934038,1.5931722487858035
21-2803555,,,,,,,,,,,,,,,,,,,,,0,0.9922784165259866,0.9957803751303834,0.9907989195886913,0.998175550886428,0.9962895815442054,0.9878001189809267,1.0738891094742637,1.0657308065944742,1.05649163368013,1.051762182836458,1.0478962124251903,1.043435125906052,1.0401828571228227,1.0390893746514673,1.0390081847668635,1.0367534251203057,1.074559393697736,1.0708641715056268,1.0689822703597667,1.1048642867858056,1.1413567162057738,1.137495813178398,1.1281365842707183,1.2373672343487645,1.294016633391353,1.3285661903829458,1.430780967405247,1.464065078877959,1.4301807905015504,1.4073104595391672,1.3853455334671843,1.3776256762244312,1.3535234942982248,1.3195180206964086,1.3009908309382658,1.312078060984771,1.3048717042942342,1.298922631902742,1.3228305583697184,1.409445704567542,1.4889864449509713,1.487559375517159,1.4733071897791221,1.448929757851425,1.5081796033242219,1.5869479600190493,1.644661887666739,1.6190942349102946,1.5988465496643325,1.5871266458718682,1.5690737448407825,1.5605731338586302,1.5463025454008659,1.5347715182602022,1.5175740415534054,1.5292774155670725,1.5732455012260982,1.6017853850544177
22-2800688,,,,,,,,,,,,,,,,,,,,,,0,1.0062095487298426,0.9884474066931398,1.0040497713918977,0.9982606334826828,0.9862230138637592,1.0989222722569878,1.0862857361211062,1.071928113957468,1.063091996951045,1.058074462250929,1.0518677995312662,1.0477083263922329,1.046222401624405,1.0456150782161748,1.0423958248873257,1.0852065987973625,1.0802925991907617,1.0780541686832306,1.1169427607551308,1.156646694117319,1.1516588862818957,1.1403244013072633,1.2612114634163325,1.323414816723228,1.3610829574987056,1.4749789013446781,1.510628704683202,1.4697279400571046,1.442633297096136,1.417229029424036,1.407367101206672,1.3795229213441695,1.3406773002278616,1.3202365104635037,1.3309200541348325,1.3226615875763545,1.3162848255655784,1.310466003274897,1.351142276209485,1.428569397496666,1.4286993627198055,1.4160325196204055,1.3948394889940796,1.452651643141101,1.5296485345705901,1.5863411236629419,1.5630132739601974,1.544672891827645,1.5339922112396267,1.5177043821616234,1.5110292035639115,1.4979067327956634,1.4874428130939965,1.4716801707349327,1.4844143206301947,1.5279259553912934,1.5556785982671655
23-2805582,,,,,,,,,,,,,,,,,,,,,,,0,0.9680487180216842,1.002966027766008,0.9966897567558833,0.9835411607301975,1.1102057185565977,1.094379655383302,1.0775346819843934,1.0674801911170129,1.0614719320195272,1.0548512048422103,1.0502146511871653,1.0483001978453181,1.0478392769171785,1.044555080637314,1.0887169819049156,1.0834041674610355,1.0807402839088114,1.120875208177798,1.1622953793362298,1.1567801078063564,1.144795641199586,1.2702529771276727,1.3344537082455188,1.3732260017446678,1.4920222004315118,1.528446771734745,1.4840811014207416,1.4557675692427607,1.4286059959273616,1.4184874761761375,1.3892382594268144,1.3484542441735203,1.3265819020514262,1.337657833837349,1.3291789541027204,1.3222971715989884,1.3162279933257919,1.3576937655477275,1.4368613144722553,1.4369125848125384,1.4236389274865129,1.40165130289487,1.460668699695811,1.5393467111199293,1.5972595548980215,1.5730671594438486,1.554067055640612,1.5430248718006563,1.5261689083600447,1.5190042099308976,1.505358295214679,1.494799038130185,1.4787814211255523,1.4913226322463287,1.5355459008354488,1.5637944760433544
24-2800715,,,,,,,,,,,,,,,,,,,,,,,,0,1.0301722799937918,1.0026426361064056,0.9855907694184279,1.1260173589592473,1.1065700045310376,1.0863205229149806,1.07439421459554,1.0674905784291744,1.0591975552050472,1.053949359128695,1.0521007320710514,1.0514620417989062,1.0477775732138932,1.0935739792341883,1.0880176268186244,1.0852985458444422,1.1260170517920656,1.1686117205148425,1.162517155669939,1.1500477417515396,1.2791956835326836,1.345430319077811,1.385192565345796,1.5083462393936151,1.5454311308189068,1.4990959438054827,1.4684538427468374,1.4395755107455142,1.4290514143153408,1.3986511718775831,1.3558555081644141,1.3332873492891575,1.344320756842541,1.3353730880602304,1.3282511190602284,1.3219394077252702,1.364376640892881,1.4450149833695187,1.4448505751357246,1.4312564852416512,1.40837163753448,1.4686267468036784,1.548714499104749,1.6078953512609675,1.5828754870167063,1.563106763726915,1.5517228405506471,1.534328826418746,1.526436954239072,1.512889023029045,1.5020202192380523,1.4853352695811175,1.4979887215278538,1.5428559405305824,1.5716729204948947
25-2800729,,,,,,,,,,,,,,,,,,,,,,,,,0,0.9926274031519867,0.9764738105624792,1.0095137379315748,1.0053830820965144,1.0021052788852527,1.0053036402361508,1.003667266851856,1.0030656809081178,1.002511166079097,1.0024044697032992,1.0038340681048126,1.015740720514773,1.0967627338738635,1.0907331128694324,1.0875317686240802,1.1303424978286187,1.1356670242453264,1.1316876196935772,1.1208977872919494,1.2496363544294455,1.3159381074167897,1.356726679535291,1.478955084816928,1.5171720248109153,1.4729013938872528,1.4436458448190268,1.4164480707489657,1.406618415764162,1.3771276127545198,1.3366731536187428,1.3151125137065065,1.326995597902211,1.3184955037072195,1.31193395147026,1.3058558277886045,1.3480519964959317,1.4286398757483423,1.4287732911770468,1.4158656038318402,1.3936345987358902,1.4536437132095754,1.5337351472134964,1.5927847585847255,1.5682862519964103,1.5490781705128458,1.537920255737651,1.5209229090560976,1.5136722939906002,1.5001630094162464,1.4894222316330046,1.4732057142801787,1.4861898208146893,1.5309667769276896,1.5598605714513638
26-2807073,,,,,,,,,,,,,,,,,,,,,,,,,,0,0.9557297007285511,1.0041365849450306,0.998978095817639,0.9959478377625871,1.001593211755282,0.9998841205661132,0.9992830913224594,0.9993663136713221,0.9993681713367591,1.000906013524955,1.0008715639203218,1.0276999043531114,1.0256402280873025,1.0253494883344751,1.0764537603935511,1.1506705031246642,1.1448959413631785,1.1318656174745014,1.2764012525388244,1.3510798117271487,1.3962787388684201,1.5358906233312686,1.5771988196285707,1.5218962865894372,1.4866378728798726,1.453735533628102,1.44167785683308,1.40744824682483,1.360193265616033,1.3358258423656757,1.34740429873681,1.3377422308629794,1.3302247314751936,1.3233095014637395,1.319671812446593,1.4012512373682458,1.4021387558969258,1.389737081082868,1.3653236092753627,1.3668251700819183,1.44233828204205,1.4985755181900309,1.478438442920601,1.4626728314916033,1.4533917774834886,1.4640083101693133,1.493197917942993,1.4800824303850841,1.4693604960748137,1.453629549401437,1.4580331418465853,1.5128092564572464,1.5420211499708323
27-2807056,,,,,,,,,,,,,,,,,,,,,,,,,,,0,1.0566940397708486,1.0294267779741797,1.0143589266984427,1.0159030562514706,1.011928664225818,1.0091481009842993,1.007966730235564,1.007548582495195,1.0088776192028819,1.0080461056769505,1.0089134241817324,1.0079735622999304,1.0082585981088223,1.0658017228777545,1.172444017819853,1.1645506411571283,1.149108348629802,1.3098912233224198,1.3924838256050724,1.4412365101168136,1.5993352091975186,1.6424539936325786,1.5754523799819409,1.5334633472193635,1.4939283316935015,1.479139488327648,1.4396455152624958,1.3855028668826153,1.357876688904742,1.3693579047736706,1.3586268603888827,1.3502460499584592,1.3422944776231025,1.3378282532914594,1.4243015432946913,1.424569948765766,1.410710132443417,1.383993734793641,1.3852326770400238,1.4648488289012094,1.5241023241206764,1.5019779858929858,1.484699260013978,1.4745867399112347,1.4852827210613502,1.515493761883426,1.5012410602618471,1.489716575769902,1.472679302540121,1.4765341877782283,1.5337076176269795,1.5642860070418585
28-2800799,,,,,,,,,,,,,,,,,,,,,,,,,,,,0,0.9791348642729144,0.983494843163297,0.9994539816258469,0.9969079385300899,0.9966146231678353,0.9971596960166408,0.9972921302800294,0.9995984566769675,0.9997037921546575,1.0018072954123534,1.001313246695744,1.0022955235257758,1.0665775263403425,1.1862095028866966,1.1762436801519454,1.1581341237498626,1.3365934678233693,1.4286720222870661,1.481767180925666,1.6605276658190393,1.7059443019378424,1.6253089819189352,1.5753506056864037,1.529314407479585,1.511901178911508,1.4669711311519815,1.4058046898828032,1.3753610891416022,1.3865466618586377,1.37451411004085,1.3653318799905678,1.3567108642457988,1.3515139749450045,1.4428569322252724,1.4424205210458285,1.427616217229223,1.3984737441469686,1.3992287195322208,1.4831604091080723,1.5452616220019377,1.521245377324574,1.5026812164074372,1.4917842103402315,1.5024665459320796,1.5338556089000401,1.5182680138592088,1.506020639506794,1.48777828331099,1.491511653964618,1.5509032065801795,1.5826826771828135
29-2800804,,,,,,,,,,,,,,,,,,,,,,,,,,,,,0,0.98634482833421,1.0063071208754428,1.0017840405933875,1.0002215155261616,1.0001906228317363,1.0001382133410297,1.0024937923603086,1.0022384802497297,1.004161270809084,1.0034217291093472,1.0043533690802056,1.072722989073833,1.2001438658948786,1.1885450758326943,1.1681432330471282,1.358273884476961,1.4562980622405857,1.5123405689426916,1.7045937483987914,1.7510255718862597,1.660579128933714,1.6051741041647432,1.554364832634387,1.5350974419732395,1.4864344927684943,1.420440566896454,1.3879745478151508,1.398938331206951,1.3861260186550999,1.3764016975002762,1.3672217636573678,1.3618027289185186,1.4556214400399783,1.45526558165165,1.4396343639967843,1.4089654646564773,1.4092592878726475,1.4953175477352305,1.5595074312655952,1.5341171970962715,1.5146441467682885,1.5033904972914058,1.5140967027707406,1.546491484961915,1.5303343211089813,1.5172638101315512,1.4981146966378527,1.5016997676596278,1.5624750912315715,1.5951791033094562
30-2803056,,,,,,,,,,,,,,,,,,,,,,,,,,,,,,0,1.0212810530897496,1.0097572314555892,1.0049777049015756,1.0038540870756794,1.0034858155538315,1.0060376446698815,1.0051960135304232,1.0069235878722653,1.0058060647177836,1.0066989654181098,1.0829058372732858,1.2250598093943237,1.209319345094575,1.1854508503474717,1.3967002764009513,1.5054889135317397,1.5655912107121575,1.7839876945252253,1.8317127855744475,1.7224351494502028,1.6568253060732818,1.5972164775335806,1.5745614501942777,1.5192095637330407,1.4446989581875194,1.408730761984848,1.4192615271572653,1.4051120261016832,1.3944639423833318,1.3843304840211863,1.3775487726579643,1.4767120380734076,1.475318207018183,1.4584920450583185,1.4250158991715653,1.4132055353094979,1.4731147665327073,1.5374198457308506,1.5129399034711142,1.4940779421784933,1.482872173351503,1.5329629890167116,1.5657236241511656,1.5487304244425752,1.5346148906759525,1.5145923556018788,1.5173492186008681,1.5801975492541933,1.6141686402170168
31-2802651,,,,,,,,,,,,,,,,,,,,,,,,,,,,,,,0,0.9842906521514391,0.9912555059669017,0.9943570457122526,0.9949743610696847,0.9997324657821212,0.9998892800249086,1.00318279278143,1.0022668089488946,1.0032057073894887,1.0939551693139735,1.2618799815365258,1.2391620337328584,1.2088488412811422,1.4559881153135792,1.583254228075322,1.6505149892216726,1.9148198815364055,1.9634266915733631,1.819402110990721,1.7357732451053962,1.661090084072814,1.6327428707092182,1.5664624854391793,1.4784590699787914,1.4371145046744067,1.4469597280322886,1.4307981157266376,1.4187695966759193,1.4072192637142968,1.3863997400182262,1.480935894273021,1.4793376520910124,1.4609583423120691,1.4266155206417495,1.4143051605143975,1.4555457029432073,1.5211168569985891,1.4966686122682509,1.4780097931886613,1.467050156912319,1.5381321427360388,1.571999796846681,1.5539354415128952,1.539637627734249,1.5183714327825117,1.5212097764574006,1.5861170341471629,1.6213983046908267
32-2802638,,,,,,,,,,,,,,,,,,,,,,,,,,,,,,,,0,0.9955400099541006,0.997650465125517,0.9979241443613578,1.00328829565473,1.0026258747657302,1.0057072687775153,1.0043419627768015,1.0056670001029593,1.103200566845565,1.286597248264907,1.258881476331887,1.224329626396686,1.4922908109981734,1.6301941917202922,1.7011238916780937,1.9931274818267306,2.0411513559531285,1.8751523196851496,1.7805306507835335,1.696849836440575,1.665140936875344,1.5925841444860174,1.4969557738007615,1.4524163409531248,1.4620044259706642,1.4447414659233473,1.4319632721224793,1.4196392154419513,1.3976087224271425,1.4395018029715858,1.4393048623337028,1.4232310996173978,1.3912713490952153,1.3805164163669066,1.421050298389199,1.485469478662956,1.4630145199047913,1.4457808901170623,1.4355947894954149,1.5053781305940928,1.539180473306968,1.5222555733786851,1.5087564878147495,1.4892289734982938,1.4930700598255622,1.5571210169262983,1.5917753514784694
33-2803669,,,,,,,,,,,,,,,,,,,,,,,,,,,,,,,,,0,1.0000503067137454,0.999867054536933,1.0079239827028887,1.0054540959797287,1.008529539084063,1.0063746343208269,1.00775309480169,1.1212349296442679,1.2053250225475525,1.1874523943350033,1.1595597865255904,1.432269890202244,1.5756541566461224,1.6516365309980916,1.9531589109428893,2.0059013574132365,1.8389839082584623,1.7449856582517134,1.662773397417596,1.6320191805647803,1.5609720937794824,1.468560112315292,1.4255463343445585,1.4367298463805016,1.42016646085319,1.4078466130068443,1.3961153112275784,1.3749335747653908,1.382715889996306,1.3847383661082215,1.3702888386591183,1.3428055353672745,1.3329461369918039,1.373640886614817,1.4366007983063032,1.4166934609002906,1.4010607607500358,1.3918997936340818,1.4606325420828685,1.4945282686895285,1.4793524689617021,1.4669311436651786,1.4488696706834316,1.4540941260428042,1.5168425718677672,1.5508700283702719
34-2803046,,,,,,,,,,,,,,,,,,,,,,,,,,,,,,,,,,0,0.9994035405830985,1.0166663757440346,1.0083767105001369,1.0112678773601669,1.007986975874748,1.0094571856456114,1.1421716891881613,1.1174874221317614,1.1114570290568557,1.0915632394359152,1.3657674517845746,1.5132378210322457,1.4548403888535852,1.665870225434596,1.7298907809997297,1.6167158214015935,1.5519286561686911,1.4959116297640016,1.4756455408059421,1.4235837218259453,1.3572293097646266,1.3248015415682162,1.3408854328065376,1.3286192797022964,1.319008291568129,1.3107030152339438,1.2942726912773115,1.2920588878342492,1.2967353112473639,1.2859056958109918,1.2651796941546591,1.2579321974375743,1.2968392982549866,1.3565253717416534,1.3406788854307687,1.3284681135193752,1.321090314620696,1.386222948270274,1.4201017189641667,1.4073089076829757,1.3972171030845275,1.3822659389258283,1.39564326984074,1.4559348535608179,1.4883626646065127
35-2803045,,,,,,,,,,,,,,,,,,,,,,,,,,,,,,,,,,,0,1.0175104331204712,1.0064632567836198,1.0106515788654653,1.0071534780995366,1.0081154769011973,1.1506257253373655,1.1233640818612576,1.1161605231866825,1.094834912199108,1.3828400742065328,1.5380062604745106,1.474016279688348,1.695797009647328,1.7609281050573613,1.6391073449082665,1.5697465771812082,1.5097070366254217,1.488128756330895,1.433500305683696,1.364126177397739,1.3307074230901486,1.346582030520949,1.3338779879864853,1.3243219559516077,1.3155311056246537,1.298599637699115,1.2859604363596489,1.274730260889553,1.264452956827259,1.2454460791905428,1.2386579899159829,1.2683727960704658,1.3266884394174685,1.3124755537592818,1.3014371295157927,1.2945800209374776,1.367522070301898,1.4014147830517847,1.3893613452444842,1.3993794279101048,1.3840894293628552,1.3998052176737188,1.4608270350028831,1.4934160202486724
36-2803071,,,,,,,,,,,,,,,,,,,,,,,,,,,,,,,,,,,,0,0.9906504625526075,1.0047377350689346,1.0022726211900401,1.0050442214120352,1.1623079919125445,1.1241134165909434,1.1163392785317081,1.0934266066601905,1.3188124402608172,1.4727836605348583,1.4167618155897361,1.6343532482874195,1.7030381754960964,1.5903745976513624,1.5262438270676366,1.471096760208244,1.4516138113505173,1.4006913984045304,1.336741847419243,1.3058213831241514,1.3227929657927744,1.311029964603355,1.3019205266048701,1.2938675190762838,1.2781979778691552,1.2664040597864241,1.2558906896017024,1.2465531490021664,1.2285178243372221,1.222198808228853,1.2320410025436268,1.2889357433776163,1.2764535734857634,1.266760404596663,1.2649976044663445,1.3523664005184248,1.386286692417808,1.3745528046788298,1.3844973780152914,1.3698912574347828,1.3860104271851277,1.446754984440203,1.4791546874582968
37-2803082,,,,,,,,,,,,,,,,,,,,,,,,,,,,,,,,,,,,,0,1.0155528560195173,1.0076394448892445,1.0102050665153757,1.2049720277543423,1.1481289601500941,1.1348380404148843,1.1068068980840216,1.176176766638165,1.3241299274656855,1.287056063697444,1.363825370917098,1.4397442650873116,1.3749745891170713,1.337202114573622,1.305711216166741,1.2959146071236245,1.2629104795394495,1.2238347197035306,1.2033656100051928,1.2246947861890367,1.2171482420110884,1.2108875531064998,1.2060320448088655,1.195236690111549,1.1871853359911961,1.1802839517817227,1.1738152201490601,1.161308214261714,1.157098750060792,1.167495495956676,1.2216505083586093,1.2123595760535295,1.2052918777251205,1.2048080056768888,1.2875426468888398,1.3212732779886625,1.3117215332845784,1.3221317299437636,1.3100865974943836,1.327467363949807,1.385540292523611,1.4163139056227227
38-2803093,,,,,,,,,,,,,,,,,,,,,,,,,,,,,,,,,,,,,,0,0.9956870298748364,1.0055189685557926,1.292764752538627,1.188716893025294,1.1631298093677653,1.1246901933667548,1.2052749759385781,1.3813884861806107,1.3303785683693228,1.297146922813541,1.2512301592945747,1.2154724945179254,1.2025012883836241,1.238833339107582,1.2323412273766545,1.2050328128413161,1.1747089236211223,1.1579871326563704,1.181838950436093,1.1758595450548746,1.1706370254751504,1.167021294778787,1.1580483055909452,1.1514267803007618,1.14613922302621,1.1407815480433254,1.1303952054490842,1.1268776634015556,1.123214759432919,1.1405057737468713,1.1348384781357572,1.1363099476220646,1.1779187846818175,1.2600533303237174,1.2942949311617833,1.2855709599244773,1.2971562329010924,1.2861690504938033,1.3042405690267946,1.3620636383703995,1.3929928640841973
39-2803107,,,,,,,,,,,,,,,,,,,,,,,,,,,,,,,,,,,,,,,0,1.013767156619067,1.4218864089855277,1.2377894767402478,1.1943204284178548,1.1432748670697022,1.2331991379971916,1.4346439447832655,1.3692971850546765,1.3281810271464225,1.2733929947763436,1.231610062954136,1.2162032924689183,1.2539098314270702,1.2462003424377126,1.2160051830456797,1.182496845932731,1.1642541557118353,1.1888713682550678,1.1823894601722447,1.176797464015507,1.172851558474114,1.1632839890800366,1.1562341272110672,1.1505725599141983,1.1449023465167034,1.1338311942105526,1.1302394347576568,1.1264792407125481,1.1440475766566713,1.1380960610427138,1.1395050116367065,1.1820611945224073,1.266615834514603,1.3016354323557613,1.2923687107497872,1.3042665094375623,1.292536785228705,1.3108213195997092,1.370418838868087,1.401805730424915
40-2803121,,,,,,,,,,,,,,,,,,,,,,,,,,,,,,,,,,,,,,,,0,1.6152909581894062,1.2870936869606262,1.2216219095897485,1.1590198288893074,1.2573354245507,1.482364262668956,1.402704686737113,1.354093452881768,1.2912320427766266,1.2441826191894143,1.2266986426051347,1.2654891460671212,1.256762344537825,1.2242091432234565,1.1881573849619655,1.1688611372224114,1.1939458124694922,1.187075292870882,1.1811987028054511,1.1769999896296532,1.1669786294704254,1.1596037046282857,1.1536610591363017,1.1476255194489335,1.1362593462901363,1.1325281952896427,1.1286180980117828,1.1463697933204968,1.1402137244112873,1.1416865633579074,1.1850401807203863,1.2710213005634137,1.3068772940559263,1.2971684925267088,1.3093379971096526,1.297100822588022,1.3157733903901954,1.376110725277961,1.4082232364064033
41-2803125,,,,,,,,,,,,,,,,,,,,,,,,,,,,,,,,,,,,,,,,,0,0.9862576229733631,1.0272674741746792,1.001562584237068,0.9952041980793426,1.0941194519457396,1.0809670160021958,1.0719147885889146,1.0559912099658701,1.0465987912539876,1.0492038814422442,1.10037553396472,1.1011590094419765,1.0853089677879233,1.0732926859439098,1.0640467184757412,1.0947139825803784,1.0919215642497728,1.0887599273507569,1.0877100133973183,1.0823693278547548,1.0786178960366026,1.0763628573729715,1.0732429019022294,1.0671298816516397,1.0652485789380195,1.0637536101798957,1.0825037806022044,1.0790610796000961,1.0823781182879346,1.1243166251793044,1.2081460186679114,1.2443677308275964,1.2366712023779185,1.2494063061360892,1.2396108730208402,1.259832407486882,1.3192349891638862,1.3505581258584702
42-2803232,,,,,,,,,,,,,,,,,,,,,,,,,,,,,,,,,,,,,,,,,,0,1.0582894991146097,1.0025468776586695,0.9933641314268881,0.9978394026583821,1.0016649854356279,1.0024399716239254,0.9975833055014731,0.9975260193664756,1.005721883284234,1.0639237775348704,1.0670049299077173,1.0540707869567498,1.047124669218946,1.0398494229139539,1.0731818985945538,1.0711952565652776,1.0685217921490757,1.0681470545655232,1.0636738313681702,1.060619744579994,1.0590069492277674,1.0565567310110793,1.0514754696993764,1.0501090271658873,1.0489976794294475,1.060612738860995,1.0580523060570635,1.0692904717190959,1.1123560771277252,1.197739432676055,1.2350298014977263,1.2274242899863343,1.2405915892943211,1.2309067752462857,1.2517571903939502,1.3126568801270082,1.3445381705015031
43-2803181,,,,,,,,,,,,,,,,,,,,,,,,,,,,,,,,,,,,,,,,,,,0,0.9418694899400983,0.9590136524430687,0.9754420631840934,0.9859737800879788,0.9896102072798746,0.9866669922934472,0.9887769871828862,0.9990880026367833,1.0645752724347168,1.0679439988743493,1.0536728320922413,1.0462772360134678,1.0385864778287939,1.0741414425962135,1.0719890544367314,1.0691313835176846,1.0687123641725196,1.0639649418651365,1.0607398649312716,1.0591776526302317,1.0564751191341817,1.0510593918726912,1.0496480751178678,1.0486199161687138,1.0607049208579893,1.0580433173384463,1.06969693636065,1.1143969551352517,1.2032210616294379,1.242030313463856,1.2339125308932406,1.2474923200586712,1.2371772870273445,1.258557310654426,1.3216422232846348,1.3547967885126877
44-2803254,,,,,,,,,,,,,,,,,,,,,,,,,,,,,,,,,,,,,,,,,,,,0,0.9752269873661401,0.9927646258862675,1.0010349956697182,1.0023794857755572,0.9955313265653438,0.9959275143492604,1.0065910885530027,1.079159076725227,1.081794126851561,1.064280614148263,1.0541029628685687,1.0450804127237858,1.0824634356795648,1.079781790134755,1.0764995336719163,1.0757665807975376,1.0703462714599448,1.066648925653519,1.0647077208695905,1.061658080186568,1.055731733224327,1.0539947959945235,1.0527615152157246,1.0652004918080744,1.0622335911859426,1.0741882525810449,1.12048027781264,1.213141673147743,1.2531541022531267,1.2443749782295663,1.2581775498867047,1.247179743572608,1.2690612304269542,1.3342525146308002,1.3688546303900393
45-2803258,,,,,,,,,,,,,,,,,,,,,,,,,,,,,,,,,,,,,,,,,,,,,0,1.013825658510755,1.0156226491940203,1.0130883418005137,1.000904273635621,0.9999054507390599,1.0116403737835564,1.0940982511790973,1.0958007591292875,1.0742116173739509,1.0608927395622745,1.05041892657155,1.090106096104457,1.086850618071193,1.0831042799951747,1.0820483926566369,1.0759106221835868,1.0717210430990938,1.06925144855924,1.0658550482002536,1.059309588359712,1.0575036212087492,1.0559570357649628,1.0689495932051971,1.0656836775533012,1.0778950019647244,1.1263346427360421,1.222956747433629,1.2644895854648075,1.25497222494224,1.2690395221140298,1.2571562301741492,1.2793705967174307,1.3473191977924721,1.383415045606009
46-2803263,,,,,,,,,,,,,,,,,,,,,,,,,,,,,,,,,,,,,,,,,,,,,,0,1.0172176189901985,1.012726181829665,0.9972523210632266,0.9972530210003038,1.0113020698218091,1.1050122066379,1.105875266407339,1.0803927770743205,1.0645267851266207,1.0529057314103478,1.094918442402047,1.0912068449098977,1.0870823260197375,1.085792520446684,1.0790895999391568,1.0745251228724382,1.0719411906914367,1.0681256539840147,1.0611239644172856,1.0591860974072567,1.0576392967263222,1.0709309092107664,1.0674544687986074,1.0800216284230488,1.130035521387743,1.2302551402404769,1.2733019273037554,1.2631464141586164,1.2777102878102822,1.2647918958430273,1.287558117691143,1.3578503719895112,1.3954198101500943
47-2806495,,,,,,,,,,,,,,,,,,,,,,,,,,,,,,,,,,,,,,,,,,,,,,,0,1.0072377330423739,0.987948293644795,0.9918088801320726,0.9932232420124478,1.0033429936540648,1.014521215680027,1.0038694872980995,1.0068973746157481,1.0020508692235448,1.0488771063395965,1.047642184140616,1.0450902134366475,1.0456706790791526,1.0415728924532042,1.038988655320765,1.038414210441407,1.0362055018791636,1.031878198126322,1.0309284406061692,1.0304125125710675,1.0446390214435373,1.042448377182213,1.0560039578538523,1.106117533332799,1.2065109146799669,1.2504442427441116,1.2409803551137637,1.255082416846571,1.2433128648279708,1.2669556898878331,1.3375872929328927,1.375136248762316
48-2802802,,,,,,,,,,,,,,,,,,,,,,,,,,,,,,,,,,,,,,,,,,,,,,,,0,0.9760602817327755,0.9873776634923577,0.9903602748719242,1.0027495042819667,1.0155038319399006,1.0035027975401354,1.0068704539677642,1.001694592173693,1.0515135817399006,1.0500493807290792,1.0472540638715544,1.0477629665734676,1.0433078159493607,1.0405003062523417,1.0398087462736971,1.0374399701459824,1.0326926171927673,1.031678106758203,1.031111333389237,1.0459376823848416,1.0436069334001328,1.0574433910838714,1.1093561512712997,1.2135007881452728,1.2586946951288234,1.2486127295296843,1.2630540503363652,1.2504117714837015,1.2746321386870851,1.3474544155944796,1.3864729567785217
49-2802806,,,,,,,,,,,,,,,,,,,,,,,,,,,,,,,,,,,,,,,,,,,,,,,,,0,0.9953762298663531,0.9963824184250348,1.0107975373041642,1.0259363533467816,1.0089224360573432,1.0110849192459925,1.0049097181936208,1.0598904215917384,1.0577223677182246,1.054299825599269,1.0544893163480726,1.0491111490384393,1.0457056585415823,1.044620898146486,1.0416648737036878,1.0363414182440638,1.0351213812988485,1.0342238867240139,1.0499741076162847,1.0472888756659076,1.0618922257493397,1.1165667618901447,1.2270450110229463,1.2748372331153206,1.2635549829130388,1.2788566581994436,1.2646202702717984,1.2893917458022006,1.3666572944050952,1.4080734267767527
50-2802840,,,,,,,,,,,,,,,,,,,,,,,,,,,,,,,,,,,,,,,,,,,,,,,,,,0,0.9977061828797832,1.0201224727329048,1.0404187367560396,1.013345865008516,1.014278624074484,1.0061946804551467,1.069651436485185,1.0664524505321868,1.0621333274573916,1.0618859591756897,1.055248470220252,1.0510561029078895,1.0494808192538712,1.0459786477368052,1.0399222293009844,1.038299389917624,1.0374730100606382,1.0539911314349062,1.0508822453061886,1.066345924663883,1.1250571979687847,1.2440462774068854,1.2950340597386563,1.2821222537219565,1.2979854091557015,1.2816663053528898,1.3075854564268687,1.3902519504906938,1.434612907769653
51-2802886,,,,,,,,,,,,,,,,,,,,,,,,,,,,,,,,,,,,,,,,,,,,,,,,,,,0,1.02191817105775,1.0526616126809096,1.0118772371369198,1.013629612384634,1.0045181660611555,1.0762089095339482,1.0720926891705242,1.0669836370588055,1.0663960146384917,1.0587130379669762,1.0539000344810645,1.0517693541917368,1.0482655223390431,1.041377565552484,1.039753995050049,1.0386444047361614,1.0560785695134587,1.052670925471556,1.069025239629675,1.13053046489374,1.2569619795351208,1.3104437400815345,1.2961529216863985,1.312429312403228,1.2951455491339268,1.3212773115512655,1.4082346246201092,1.45553947467503
52-2802934,,,,,,,,,,,,,,,,,,,,,,,,,,,,,,,,,,,,,,,,,,,,,,,,,,,,0,1.1139860226461205,1.0053873747114384,1.011317969989147,1.0008288170337039,1.0861801156664275,1.0804142859888473,1.073973243788622,1.0727830948950923,1.0634286635731547,1.0576546251628256,1.055207209464588,1.0506898901604222,1.0430917539021474,1.041069448180706,1.039797631557662,1.058682846914093,1.0548587744799687,1.0721018365424335,1.1383771762614643,1.2744311966355617,1.331991110433391,1.315471774686717,1.332887819107968,1.3125580006416304,1.3398859360635325,1.433194971741591,1.483537604215275
53-2802984,,,,,,,,,,,,,,,,,,,,,,,,,,,,,,,,,,,,,,,,,,,,,,,,,,,,,0,0.9533363011327101,0.9946362121744637,0.9878555177454341,1.0833600188200705,1.0773696157347517,1.070599826544775,1.0695866517407713,1.059957377977526,1.0541319513097922,1.051864303321986,1.0473396246574282,1.0398161358001146,1.037869034760115,1.0369102481572587,1.0339280666039619,1.0505868028292822,1.070611736342905,1.139446582278942,1.2811263807767106,1.3403879478867242,1.322847314096263,1.3403488057717023,1.3194298601141967,1.3471516548740199,1.4435990810688841,1.4960789549334086
54-2803020,,,,,,,,,,,,,,,,,,,,,,,,,,,,,,,,,,,,,,,,,,,,,,,,,,,,,,0,1.0158173676482676,0.999255788060985,1.1182513738954816,1.10631182302261,1.0956291526090836,1.0920338727928858,1.0777848867175381,1.0692552023035595,1.0648458419605469,1.0592695377355386,1.0490421787517878,1.0463900748597579,1.0447926774651044,1.0412264794188255,1.0585264170476185,1.0800146515195717,1.154906787401117,1.3100617382604725,1.374209633839947,1.3536243988271333,1.3718917317317316,1.347509864201615,1.3756755321806475,1.480533615357052,1.5379008500130151
55-2802429,,,,,,,,,,,,,,,,,,,,,,,,,,,,,,,,,,,,,,,,,,,,,,,,,,,,,,,0,0.9693052956071783,1.2306631849133924,1.1818529109815312,1.1525245218599,1.1380555861916841,1.107760323840536,1.0913523066865503,1.082682577613907,1.0728031615224956,1.057768819181701,1.0538685395060117,1.051081761405994,1.0462915144921496,1.0668232074311659,1.0919106614088305,1.1815582438432117,1.3718125959080103,1.4478145281606094,1.4185732588508728,1.4389006726138815,1.404877454649542,1.4346293556032172,1.5594726868515412,1.6290418236725417
56-2802467,,,,,,,,,,,,,,,,,,,,,,,,,,,,,,,,,,,,,,,,,,,,,,,,,,,,,,,,0,0.9963162848532471,1.0062872569592751,1.0014885360158954,1.0122178389740153,1.0059750221146235,1.0040882230690304,1.0080176453514598,1.0059247052290126,1.0021787907536548,1.0018182562957159,1.00374267263429,1.0020514556104643,1.0272867211298868,1.0559145721255252,1.150139157406766,1.3514056224899598,1.4329850096549877,1.4028125729450256,1.4418642488911038,1.4049197270117102,1.4368989896349447,1.5705224386183705,1.6454005475649343
57-2802470,,,,,,,,,,,,,,,,,,,,,,,,,,,,,,,,,,,,,,,,,,,,,,,,,,,,,,,,,0,1.0159342179450812,1.0014689409264175,1.0205903303054766,1.0082291197030515,1.0050880702492362,1.0094811481295365,1.0066275918699714,1.0019639182075126,1.0018757997271157,1.0038246341851074,1.002394073127342,1.0310881089509478,1.0627599581399867,1.1705060464284252,1.4044479170586732,1.4966577558943668,1.4574537436895276,1.4290200777127566,1.3908201535255607,1.406510833711397,1.5465196724915358,1.624661133699409
58-2802465,,,,,,,,,,,,,,,,,,,,,,,,,,,,,,,,,,,,,,,,,,,,,,,,,,,,,,,,,,0,0.981008237689286,1.0235350922267308,1.0056610204310312,1.0025128093407991,1.0083215178226987,1.0057606711575746,1.000413214627098,1.000818085231139,1.0027419281105712,1.0013073082211725,1.031934899613354,1.0659906768298706,1.1817707117071246,1.4356071187383759,1.534598998442771,1.4890336500412937,1.4568745088185955,1.413413682048067,1.4287101767628372,1.577432749943621,1.6620404971813043
59-2802463,,,,,,,,,,,,,,,,,,,,,,,,,,,,,,,,,,,,,,,,,,,,,,,,,,,,,,,,,,,0,1.0579240445477127,1.0132608698971841,1.0068497804672838,1.0122965592414874,1.008103129241477,1.0020652676896546,1.0023289666311193,1.0038728828368573,1.0022297922286452,1.034720624683484,1.0706204310943215,1.192034806574264,1.462862192582455,1.5668548384736718,1.51642428999629,1.4803286519869174,1.4329219793709924,1.4469136994983474,1.6033302948164392,1.692271429029306
60-2802460,,,,,,,,,,,,,,,,,,,,,,,,,,,,,,,,,,,,,,,,,,,,,,,,,,,,,,,,,,,,0,0.9857467179942749,0.9898767476722112,1.0022830428028768,0.9995487675024558,0.9954913138367115,0.9965384554401243,0.9993184408961719,0.9980767466305238,1.033037058908663,1.0714799015252732,1.2016853866180963,1.4963310819146918,1.6069623390276784,1.5491748604498172,1.5081921076393872,1.4550777251249898,1.4678546480795391,1.634275150934931,1.7295892876165053
61-2802450,,,,,,,,,,,,,,,,,,,,,,,,,,,,,,,,,,,,,,,,,,,,,,,,,,,,,,,,,,,,,0,0.9947123904678479,1.0114328164986521,1.0048819472856507,0.9977922551752035,0.9982327659546703,1.001242941091179,0.9995562474000316,1.0393495436824602,1.081739252312244,1.2306513037143605,1.574156691831474,1.6980987469911093,1.623080279486318,1.5708488904251972,1.5048694745208673,1.5140235703364457,1.7000702744559237,1.8081299139508982
62-2802455,,,,,,,,,,,,,,,,,,,,,,,,,,,,,,,,,,,,,,,,,,,,,,,,,,,,,,,,,,,,,,0,1.0264018117114202,1.0098882237915106,0.9985699425130031,0.9989723506446496,1.002376888710406,1.0002669718096444,1.045089768355558,1.0919916092290307,1.261156856802708,1.6615405778594488,1.7995348871871648,1.7029268045443557,1.6370933856631653,1.5561160685104949,1.5606541788308812,1.767428681407981,1.8892441812168472
63-2802438,,,,,,,,,,,,,,,,,,,,,,,,,,,,,,,,,,,,,,,,,,,,,,,,,,,,,,,,,,,,,,,0,0.9897147771429657,0.9876359938993391,0.9913485891918122,0.9972169686394865,0.9956458112267159,1.0482244576257134,1.1023632365888913,1.2366444540456834,1.3302342035330386,1.467295677153353,1.4155403670955464,1.3803631363007849,1.335539442321607,1.3616083100714387,1.5417715112554287,1.645274983225609
64-2803517,,,,,,,,,,,,,,,,,,,,,,,,,,,,,,,,,,,,,,,,,,,,,,,,,,,,,,,,,,,,,,,,0,0.985174066663574,0.9897970199677825,0.9975101631528945,0.9955760396518375,1.0570050267634665,1.1173216960574717,1.272074824816735,1.2854366700190882,1.4164044968325415,1.3681786055534944,1.3359352919674563,1.2949766603276325,1.3062488759851372,1.485193706195766,1.538336948004665
65-2802422,,,,,,,,,,,,,,,,,,,,,,,,,,,,,,,,,,,,,,,,,,,,,,,,,,,,,,,,,,,,,,,,,0,1.0045935805981088,1.012385206648155,1.003641977752266,1.002948009537596,1.064296830491753,1.2640300431769271,1.2814983703227747,1.4455799547090107,1.3831119469091413,1.3431445460233267,1.2945037054950117,1.307066461162221,1.513056216450046,1.5750854286104268
66-2802418,,,,,,,,,,,,,,,,,,,,,,,,,,,,,,,,,,,,,,,,,,,,,,,,,,,,,,,,,,,,,,,,,,0,1.0185953521746176,1.0032709582315125,1.0025573007282504,1.004634565507071,1.000774741841738,1.006708929807432,1.1560202904938053,1.1355942445891947,1.1236346290307728,1.1074593950634815,1.1420362453449915,1.3216580153436552,1.376525043834844
67-2802415,,,,,,,,,,,,,,,,,,,,,,,,,,,,,,,,,,,,,,,,,,,,,,,,,,,,,,,,,,,,,,,,,,,0,0.9887183545173291,0.9957784647895591,1.000642082731036,0.9964760082454429,1.0044712644053801,1.003160664478153,1.00150821539084,1.0026914952939388,1.0022207763481144,1.0410260992777782,1.1186491383274169,1.166827451778422
68-2802412,,,,,,,,,,,,,,,,,,,,,,,,,,,,,,,,,,,,,,,,,,,,,,,,,,,,,,,,,,,,,,,,,,,,0,1.0014412969027544,1.0057789712223573,0.9991169977924944,1.008366213946815,1.0058176947087742,1.0035273307406094,1.0046512595780495,1.003839568239629,1.0464011809238334,1.0830204457545751,1.133443717286587
69-2802372,,,,,,,,,,,,,,,,,,,,,,,,,,,,,,,,,,,,,,,,,,,,,,,,,,,,,,,,,,,,,,,,,,,,,0,1.01081731076742,0.9974046067012177,1.01145218093287,1.0071209485502286,1.0040385209443594,1.005331495144398,1.0042610379550738,1.0123948042016981,1.0941613934765435,1.1516721669087098
70-2802474,,,,,,,,,,,,,,,,,,,,,,,,,,,,,,,,,,,,,,,,,,,,,,,,,,,,,,,,,,,,,,,,,,,,,,0,0.9569957893078183,1.0054373046933773,1.0023100027160992,0.9994879892518705,1.0018171630710055,1.0012641539689422,1.0043793644207846,1.1037670198166134,1.1690733654793741
71-2802487,,,,,,,,,,,,,,,,,,,,,,,,,,,,,,,,,,,,,,,,,,,,,,,,,,,,,,,,,,,,,,,,,,,,,,,0,1.030348119520788,1.0125830179247304,1.0065260593835037,1.0078674872308055,1.0058952735152806,1.0081328342545195,1.1157407424501617,1.1867719470952747
72-2802530,,,,,,,,,,,,,,,,,,,,,,,,,,,,,,,,,,,,,,,,,,,,,,,,,,,,,,,,,,,,,,,,,,,,,,,,0,0.9984080050090562,0.9949810062944395,0.9997818351492958,0.9995785814501656,1.0013616437442363,1.1307078529641887,1.214633709664759
73-2802546,,,,,,,,,,,,,,,,,,,,,,,,,,,,,,,,,,,,,,,,,,,,,,,,,,,,,,,,,,,,,,,,,,,,,,,,,0,0.9896745243801045,1.0009080266311237,1.0001390093268638,1.0022349285401018,1.1679587655468968,1.276783240604065
74-2802562,,,,,,,,,,,,,,,,,,,,,,,,,,,,,,,,,,,,,,,,,,,,,,,,,,,,,,,,,,,,,,,,,,,,,,,,,,0,1.013599475083745,1.004825202784487,1.0052006630051227,1.2076097397816523,1.342272745020387
75-2802571,,,,,,,,,,,,,,,,,,,,,,,,,,,,,,,,,,,,,,,,,,,,,,,,,,,,,,,,,,,,,,,,,,,,,,,,,,,0,0.9990607175754715,1.0029809115784596,1.2551636339319798,1.4254174536419848
76-2802581,,,,,,,,,,,,,,,,,,,,,,,,,,,,,,,,,,,,,,,,,,,,,,,,,,,,,,,,,,,,,,,,,,,,,,,,,,,,0,1.0056193844330836,1.0398883588795191,1.2334951008967798
77-2804851,,,,,,,,,,,,,,,,,,,,,,,,,,,,,,,,,,,,,,,,,,,,,,,,,,,,,,,,,,,,,,,,,,,,,,,,,,,,,0,1.0086777869147485,0.9938418889599863
78-2802588,,,,,,,,,,,,,,,,,,,,,,,,,,,,,,,,,,,,,,,,,,,,,,,,,,,,,,,,,,,,,,,,,,,,,,,,,,,,,,0,0.9513854258570205
79-2806672,,,,,,,,,,,,,,,,,,,,,,,,,,,,,,,,,,,,,,,,,,,,,,,,,,,,,,,,,,,,,,,,,,,,,,,,,,,,,,,0
