순번_정류장ID,39-2804580,40-2804213,41-2804211,42-2804209,43-2804207,44-2804205,45-2804204,46-2806290,47-2804202,48-2806292,49-2804578,50-2803610,51-2803612,52-2806226,53-2803613,54-2803860,55-2803861,56-2800256,57-2806225,58-2803862,59-2803865,60-2806899,61-2803971,62-2803970,63-2803968,64-2803966,65-2803964,66-2803962,67-2803960,68-2803958,69-2803956,70-2803954,71-2803952,72-2803993,73-2803995,74-2800298,75-2803997,76-2800290,77-2800289,78-2803934,79-2806662,80-2807417,81-2800286,82-2803932,83-2803596,84-2800283,85-2800281,86-2800280,87-2800278,88-2806663,89-2804031,90-2800260,91-2800275,92-2804713,93-2803598,94-2803600,95-2800273,96-2803601,97-2804331,98-2803581,99-2800271,100-2805489,101-2807150,102-2804581,103-2804582,104-2800267,105-2804032
39-2804580,0,0.9953662167624645,1.0018690338789775,0.9998081003701235,1.0097432675003408,1.0001289185879116,1.0016483536845229,0.9992754083689678,1.001474376116203,1.0010327609959344,1.001426317892499,1.001525757791444,1.0016181873221093,1.0010477723978388,1.0006684768059961,1.0002413806622783,1.0005091172209406,1.0014056914056912,1.000925114987884,0.9995013284751278,1.000208993293225,1.0015731250325872,1.0030724823983712,1.0020031166788796,1.0025243396658485,1.0026954220416413,1.0022890324500882,1.00276094500444,1.0027257812669763,1.0026541561994455,1.002755257148188,1.0024338110304842,1.0025448042464706,1.002423093760265,1.0024695246798896,1.0025950455671246,1.1070216753659858,1.1815230951456543,1.2354588437467329,1.3062012518663442,1.3655904725588421,1.4918135306709366,1.535863480505265,1.720293548781339,1.785279608290844,2.037387471380024,2.01323008839757,1.9568302530526887,1.9694786306028393,2.0031382017693975,2.258413509154702,2.455884383077338,2.535391533608053,2.650620448545527,2.718704060265945,2.8168511641954908,2.731519064755585,2.6951193032636707,2.6681339982395484,2.627562255662606,2.5566382018428953,2.490515991401001,2.4434327278987986,2.406131396898388,2.3734881373283163,2.3395990878350754,2.463197645446495
40-2804213,,0,1.0110260226351389,1.002447997636416,1.0156986768841474,1.0013615523738368,1.0031018032168943,1.0000542109962682,1.0025211140343704,1.0019271828645058,1.0022860698006597,1.00218669070228,1.0022426701940994,1.001544434288027,1.0011144084555739,1.0006319000994226,1.0008628591098365,1.001794163325176,1.0012768670998529,0.9997560140294968,1.0004893223963442,1.0019226568930772,1.0034921203149962,1.0023398562961356,1.0028767584748026,1.003036313231381,1.0025988300147042,1.003082872643615,1.0030273053686138,1.0029430561009713,1.0030361152235294,1.0026918098090136,1.0027969741698952,1.0026580531223277,1.002701278335309,1.0028288528706963,1.110807108071474,1.187938947535098,1.2440326212383799,1.317548680549577,1.3795686493458847,1.5114508710979673,1.5576358594919535,1.751713786775876,1.8203682922120763,2.088064083081231,2.061115795742644,1.9993494824461415,2.011769363853569,2.047407358003219,2.3188466875907316,2.5301962592565728,2.615654372244546,2.739843337474269,2.8134373324994333,2.918720571818576,2.8239160075526804,2.7836219694745212,2.7537227465372482,2.708959122012101,2.6309574640532474,2.5584983234782,2.507139395240103,2.4664785446423605,2.430998454257417,2.3888718642702966,2.52473283482671
41-2804211,,,0,0.9961789307499687,1.01764605819068,0.9991853093073566,1.0015432857241153,0.9982461366274666,1.0013426908756267,1.0007785246379737,1.0013068719501914,1.0014575696972086,1.0015718382236618,1.0009168715951562,1.000484836128387,1.0000046913871496,1.0003409375769108,1.001352284004361,1.0008179936115733,0.9992405319222977,1.0000376148069976,1.001543440672091,1.0031890612251282,1.002015085421558,1.002581513018926,1.0027633992998177,1.0023222297196557,1.0028294669915598,1.0027876084803808,1.0027089226754227,1.002814462321615,1.0024699435989508,1.0025864392413038,1.0024554056681036,1.002503824097697,1.002636147194992,1.1132204080963843,1.1924606114769978,1.2501222416261093,1.3258047093574628,1.389752585026069,1.5261593453878943,1.5739902069722314,1.7755490380506758,1.8470650737571577,2.1270146530608804,2.097813622899769,2.0317601572677826,2.04396568616278,2.081150642341761,2.3653095774587634,2.58768437483375,2.677898249377279,2.8092756906758933,2.8873084617062195,2.998308733935042,2.8957544764286975,2.852290147316376,2.820022367382159,2.7718638979224233,2.6881564673011895,2.6106162766055347,2.5558468331857203,2.5125137119406653,2.4747842092353673,2.4300876989770708,2.571618697832563
42-2804209,,,,0,1.0461296941561693,0.998719089001665,1.0020210927777828,0.9976685698909756,1.0015992677137158,1.000890332462758,1.0014990346040924,1.0016117133317801,1.0017267481934828,1.000983933860899,1.0005081902230148,0.9999837519785161,1.0003485009170956,1.001429868483947,1.000857718805925,0.9991740640396992,1.0000250311182313,1.0016218617049586,1.0033601932143597,1.0021104731450416,1.0027031005337737,1.002886575335707,1.0024197062141031,1.0029471417568334,1.0028960578600854,1.0028103682601468,1.0029155970673673,1.002553947716093,1.0026711881542953,1.0025309987897826,1.0025794278311826,1.0027154384141308,1.1171487440587897,1.1991793244404336,1.2590242671704284,1.3378528920480708,1.4046099454941916,1.5474681545636912,1.5979822927478382,1.8102926643945725,1.886051322646463,2.184314412592392,2.1516444423495686,2.079062237946073,2.090885554659628,2.130368797046654,2.434049896484198,2.672578406737019,2.770021210037481,2.912370846700165,2.9972081634680534,3.1169203040971833,3.002284985513446,2.953905218278662,2.9179710637892113,2.8645781029185735,2.7721153274308192,2.6873443689746224,2.626877942891055,2.579501344817494,2.538380189906134,2.490247691381969,2.6397372032312627
43-2804207,,,,,0,0.9748352258006757,0.9851155677147242,0.984068640416171,0.9920793230552776,0.9924502957289841,0.994453293611978,0.9968935617533382,0.9974471490829121,0.9973226589098023,0.9969840663022862,0.9966274498283956,0.9975844008678468,0.9989380303562708,0.9983813217193045,0.9966871431804767,0.9977538829849042,0.9994981666895999,1.0013969936271976,1.0002464029558322,1.0009265823387152,1.001227821207665,1.0008141052764428,1.0014091446032871,1.0014568805313149,1.001420077801804,1.001591492195756,1.0012762809586557,1.0014498221831953,1.001375279292264,1.0014501653596282,1.0016002021919623,1.118869290773525,1.2033918203029845,1.2651446773974413,1.346509294742752,1.4154257762093672,1.5635199095342136,1.6157296402381525,1.8373749121656966,1.9166478738480182,2.2302297630934724,2.194599745145838,2.1165025260880745,2.127980890177801,2.1693751221219544,2.48849799274222,2.7416464657633997,2.845263612059293,2.997032321964361,3.087740122707727,3.2149375234601694,3.0897346306927864,3.037082432420852,2.997968918900724,2.9400559531568073,2.8400752960056734,2.748173074599454,2.683842929935441,2.6330531896775407,2.589079806474202,2.537285469017654,2.694157210403305
44-2804205,,,,,,0,1.0178144603888204,0.9956831905487467,1.0047935848173477,1.0028106358993916,1.0034076992705394,1.002771079286047,1.0027967490319687,1.0016374497325577,1.0009954362735307,1.0003046460932514,1.000682351263495,1.00193706995258,1.0012494487604566,0.9992546081377602,1.0002380333826015,1.0020785553713756,1.0040598472202864,1.0025784996475773,1.0032325884816797,1.0034032277612333,1.0028573821395212,1.003430869132529,1.0033405936015516,1.0032291007475005,1.0033243868341948,1.0029103208251906,1.0030223194496528,1.0028494690858714,1.0028945289053173,1.003038338663503,1.126942456695359,1.2166970863368496,1.2825272837345296,1.3695871287590098,1.4437457398196927,1.6037723200267273,1.660488663331734,1.9030424723871782,1.9904857351599257,2.340070998005654,2.2970701494443095,2.2054853299376784,2.2158808580702916,2.261719576620199,2.618263365081953,2.90502869776476,3.0234820390126522,3.19802666236246,3.303022760840271,3.4482274315825863,3.296574991483662,3.2333156179083664,3.1863270794340814,3.1172853344080704,2.9989245722246736,2.8909936762820823,2.8161119566413895,2.7571392966340467,2.706360619859786,2.6468832048223003,2.8197442300311684
45-2804204,,,,,,,0,0.9812025830924855,1.0008644707720349,0.9994068563877945,1.0009932130441979,1.0013952580162249,1.0015899651220035,1.0005988634336536,0.9999799416432067,0.999323701436663,0.9999158602794327,1.0012906738800138,1.0005898127838357,0.998542722266297,0.999617948156326,1.001543335335937,1.0036122144688806,1.0021258300658824,1.002815824601318,1.0030198414256133,1.0024781526244035,1.0030783805487375,1.0030111818655685,1.0029102455924708,1.0030231168764552,1.0026150052177856,1.0027423447774633,1.0025834092505517,1.0026354738479528,1.0027844358944764,1.1288792231453892,1.2201832891947908,1.2873637647012373,1.3763205676854742,1.4525811998321543,1.616247304706463,1.6744940290552837,1.9242180850426176,2.0149280674208425,2.376710842760601,2.3310577653582505,2.2346844231011165,2.244674332529867,2.292059141680585,2.66239224627628,2.960532901444329,3.0843387412834513,3.2680628767134503,3.3783399116860253,3.5291406720562324,3.3676531351474823,3.300484026900335,3.251445009194189,3.177497026871468,3.052475622969222,2.9387905662318383,2.86015238300073,2.7982817483619145,2.7451055721919455,2.6829349187925384,2.8613361763548237
46-2806290,,,,,,,,0,1.017697083352465,1.0090699040415239,1.0078069352871724,1.0046759978740878,1.0044445990315556,1.0027095693068637,1.0018889388881491,1.0010206393310146,1.0012892660111654,1.0026236001893292,1.0018462592212343,0.9996225699313577,1.0006675262401041,1.0026587580893906,1.0047852694379313,1.00312117079826,1.0038031148560287,1.0039445685758983,1.0033358809830317,1.003929767934434,1.0037970141749095,1.0036606542124018,1.0037391738455113,1.0032837329329287,1.0033840359882948,1.0031805386255446,1.0032196759737058,1.0033665427006624,1.1329972802763566,1.2273421477290625,1.2967752641570314,1.3887798820893384,1.4675213134424565,1.6381441309418856,1.6989494851664915,1.960712204547453,2.055759229731733,2.439437254403951,2.389138946611384,2.284460508772292,2.293673847848612,2.3436671296249485,2.735691430118195,3.055022731103596,3.1880460525830507,3.3851715077716467,3.504468941061715,3.6675460406476543,3.488723997580089,3.4147008576470963,3.359758321806522,3.279565572399682,3.1429828345712054,3.0193633048169075,2.9342702018323954,2.867431758235161,2.810156772154673,2.743395722372903,2.931077331740301
47-2804202,,,,,,,,,0,0.9949916198363403,1.0011555564223582,1.000494088463317,1.0009073570511366,0.9998238440601517,0.9991079503719693,0.9983797698454462,0.9992981949183785,1.000950670279376,1.0001521449369468,0.9978262822376368,0.9991084980604578,1.0012985336027396,1.0036284699741829,1.0019786532876347,1.0027469474730044,1.0029757327896156,1.0023868750646239,1.0030433302952189,1.002973379801504,1.0028660755515044,1.0029897044508445,1.0025545696791929,1.0026932935527078,1.0025276960155916,1.0025843119047098,1.0027427109356069,1.1366014729467673,1.2344073078931295,1.3066887438155006,1.4024404718904058,1.4847089904655695,1.6638410753137316,1.727862496873839,2.004893613346788,2.1060506906046976,2.51753490402389,2.4610748397831697,2.3455169547518815,2.353670278761269,2.4070139017142678,2.8280025067153045,3.1744139634223933,3.319696590757762,3.5359804585234245,3.667512881065692,3.8457865174974963,3.6432493848455714,3.559930670206678,3.498148931562666,3.408432967814324,3.2564309618543654,3.119681818997038,3.0261247491426895,2.9528046359930484,2.8902076380075545,2.817514074181307,3.0170627515374537
48-2806292,,,,,,,,,,0,1.0054739379730948,1.0014142040730134,1.0017112984309253,1.00029646820668,0.9994778521704429,0.9986550344629376,0.9995603267709101,1.0012739984700891,1.0004245110780103,0.9979691823774163,0.9992964109752681,1.0015743460458513,1.0039872028013168,1.0022397653385366,1.003024182458021,1.003238783137893,1.0026176424669766,1.003285171517216,1.003194051064893,1.0030743465917749,1.0031897865240527,1.0027340794471382,1.0028672596327293,1.0026865831811327,1.0027403398095962,1.002900342083816,1.139583591479885,1.2395767718203672,1.3136696361647835,1.4122447714711788,1.4967419238996063,1.6814896119299487,1.747676873287303,2.035057102806017,2.1403841954202285,2.5710304430535587,2.510191241849926,2.3869929459457233,2.3943439840858516,2.4499766018718505,2.8909131858361445,3.2562100776493748,3.4101120907032825,3.6399463721318397,3.780183000581074,3.9692083295558493,3.7495315630513213,3.6595466742634493,3.5928743007538824,3.4963813801169064,3.333476333092075,3.1875127395780343,3.0880545592474373,3.0102321626873967,2.9439531725036088,2.8671703822135126,3.074763752138425
49-2804578,,,,,,,,,,,0,1.0001412936254903,1.00080641351581,0.9994562054717753,0.9985952695743608,0.9977600279842282,0.9989974918878411,1.00092166518506,1.0000130657026882,0.9973868287243322,0.9988657391747479,1.0013147255705934,1.0038935232614108,1.0020576968219723,1.002892480175787,1.0031284996978582,1.0024845047059974,1.0031871455305055,1.003100398937454,1.0029802154040697,1.0031052178243207,1.0026380116600233,1.0027804736525088,1.0026001080183422,1.0026577447569331,1.002823453229329,1.1437371529624893,1.2471758762817584,1.3241404701722572,1.4263647517291649,1.5147385103011095,1.7079296714665648,1.7774496616607522,2.0808749938024023,2.1927181031372585,2.6536364442644698,2.5857094175908766,2.450287254192412,2.4562986142353136,2.5155157504384564,2.9879716818340634,3.383522529576525,3.5513582726873403,3.8032357119234534,3.9577254356564406,4.164286505863041,3.9161631248762947,3.8152071727217103,3.7405139930532445,3.6329634031354887,3.452393440196758,3.2916241318983,3.182751646391127,3.097777929626712,3.025674819036413,2.9424517888289112,3.16256840280678
50-2803610,,,,,,,,,,,,0,1.0030029342303013,0.9987211170089578,0.9972273035814955,0.9960454671416767,0.9984989659375211,1.0012067248550176,0.9999680411702777,0.9964809451045682,0.9985010316560403,1.001631051862542,1.0048372191178725,1.0024775107084405,1.0034618289320496,1.003686362014607,1.0028936775937294,1.0036947050938338,1.0035465168324946,1.0033861877948986,1.0035020651553106,1.0029523675748382,1.003094006514457,1.0028701142877,1.002926102733254,1.0031059382296164,1.0673883109095708,1.064660177482211,1.1106712171420219,1.1952165352873954,1.2675472961843637,1.4243052954040651,1.4801652116998818,1.7205666911107018,1.8078805407147192,2.160262858861458,2.121918083562312,2.03788353702308,2.0528556765072783,2.0991743963350737,2.4622878618936026,2.7581635265147226,2.881331737499749,3.063938980918433,3.174372147442223,3.3293644294303584,3.172979580260352,3.1082443523441596,3.0604743913134094,2.9904376996679476,2.8711956431971553,2.76341403406148,2.689008902701903,2.630845907451457,2.5809072608270585,2.522564930443768,2.700438695721059
51-2803612,,,,,,,,,,,,,0,0.9966603842211421,0.9951145098951342,0.9941064071272244,0.9978141619844378,1.0009833345794128,0.999607309024638,0.9957596087935955,0.9980743192825842,1.0015091134575465,1.004988664593012,1.0024401811892498,1.0034925079207722,1.003727325778019,1.0028875779968092,1.0037314664591686,1.0035725191675946,1.0034035345812873,1.0035231567871907,1.002950477076814,1.003097404924592,1.0028655459040703,1.002923538925481,1.0031093313985044,1.0694175171579319,1.0665137636390098,1.0642200358044358,1.1294891103689826,1.1974861220798385,1.3445319639138757,1.396742241398545,1.6205132093472479,1.7014400565420977,2.0260969210834587,1.994810616676939,1.9233662146961605,1.940365521832244,1.9833132349587486,2.318307074907285,2.589188893042932,2.701345066993365,2.867077492355911,2.9669107987948653,3.1092718934916848,2.9741690441749085,2.9179799638087878,2.8766034594269994,2.815572323307155,2.7112633513525783,2.6166037040244023,2.55086047127917,2.4994924958823823,2.4552208396074384,2.403296203438292,2.5698324112585706
52-2806226,,,,,,,,,,,,,,0,0.9902024248998372,0.9905873201089068,0.9983469970127603,1.0024897046440242,1.000574577436751,0.9954908384146528,0.998421080017759,1.002607441898205,1.0067097104143314,1.0034411703510555,1.004594660610092,1.0047326578478684,1.0037047248258324,1.0046091444481893,1.0043353528386958,1.0041035310647397,1.0041837170142245,1.0035148850298987,1.0036384467792625,1.0033431427981236,1.003390147131503,1.0035831797065449,1.0745155667102733,1.0711675117025803,1.0685734629113144,1.066178826291697,1.0656613959825705,1.1950886989021983,1.2405724102468214,1.4349093919836295,1.504937823260796,1.7816810872798199,1.7620648021578316,1.7118020801405631,1.732021806946003,1.7687124100592198,2.054863240986931,2.2835736446968555,2.3771506256057346,2.5139876943291415,2.596164968669006,2.717244948214065,2.61737915727721,2.574573369125461,2.5437344397161143,2.497647656152787,2.41834239507526,2.345888626472993,2.2949447052287284,2.2552508986463935,2.221188838520104,2.180003172324447,2.3267725139711697
53-2803613,,,,,,,,,,,,,,,0,0.990882192294933,0.9997326995557898,1.0040040963118635,1.0017712136901196,0.9960389768309638,0.9991087484360073,1.003560214984022,1.007859225353228,1.004204786556797,1.0053648958046009,1.0054140898477093,1.0042866938428208,1.0051951417096272,1.0048441841514586,1.004573291539758,1.004620723372685,1.0039021760873184,1.0040037226448761,1.0036695309496992,1.0037069511535504,1.003900101038887,1.0764184787657234,1.0729030193011837,1.070197171448205,1.0676906608806596,1.0656127518133718,1.151750848139773,1.1956468140361034,1.3821846881379354,1.448602006160651,1.712339223008545,1.695754812382828,1.6510834878641016,1.6720987438710444,1.7075185154283923,1.9804997244688833,2.1973144843458523,2.285946753573978,2.4159407280130276,2.4941473300398,2.6090008392617166,2.5172788771407157,2.478720876897927,2.45059213262738,2.408371896605425,2.3355848013114824,2.2689733670136114,2.221954900984028,2.1853724000369175,2.1539123182413955,2.1157508647696996,2.2565132187054733
54-2803860,,,,,,,,,,,,,,,,0,1.0022610854933467,1.0026544185248452,1.0001367458628456,0.9937176603895583,0.9976572277783154,1.0027261858442567,1.0075312942932488,1.003646359281104,1.004935023737532,1.0050439267145193,1.0038824324720808,1.0048647663295767,1.0045366395609896,1.0042732368068912,1.0043461054997203,1.0036196194555702,1.0037439156748924,1.0034219321979945,1.00346892418022,1.0036715629031936,1.0783566504189637,1.0746420391628673,1.0718027793783496,1.0691657348228545,1.0669890424085626,1.1141205699960732,1.1567775391051076,1.337574811281413,1.4022198540708097,1.6273237622812873,1.6142828821104205,1.5762003673712064,1.5981210329292128,1.6315924302428606,1.8887079199854748,2.0919315563200533,2.1747183472901415,2.2959006665271877,2.3680410562266516,2.476846014924865,2.3954068034775102,2.361074212427568,2.336132337215607,2.298472206438199,2.2334013041755236,2.1737363010232005,2.131405011283851,2.0985451202164875,2.069837413765874,2.035682445126203,2.169661860513261
55-2803861,,,,,,,,,,,,,,,,,0,1.0034467826806421,0.996692702071715,0.9834228842866338,0.9942070386453294,1.003022693083446,1.0103597416564796,1.004197183441942,1.005887169236601,1.0058659326875388,1.0043092763799761,1.0054999511914655,1.0050110024140055,1.004660598244637,1.0047106238986803,1.0038370745986245,1.0039628739938462,1.0035761227149846,1.003623229170743,1.0038486925957688,1.0873971409991423,1.082746975775655,1.079293384450086,1.0760502881801657,1.0734201058176902,1.125077263637032,1.172135569277979,1.3742736923318863,1.4471801004616678,1.5661188684130933,1.5371365874961986,1.503495918583829,1.476823612733494,1.4711137300031862,1.6065965391611774,1.7710476691576311,1.8376951835481121,1.933772585446473,1.9907432025567835,2.080674215089164,2.0274524186624134,2.0042256776979492,1.988001456655805,1.9629000386564377,1.9192560490279362,1.8790729916083788,1.850010336781363,1.8277426083967219,1.8080415335304278,1.7842842225122986,1.898128854003181
56-2800256,,,,,,,,,,,,,,,,,,0,0.9692481663551694,0.9537933500178762,0.9887536503011499,1.002826153648583,1.0128618601089867,1.0043808487414134,1.0064091873157106,1.006280080113168,1.0044386613025351,1.0057817992984919,1.0051908373165284,1.004788300137155,1.0048302248254097,1.0038705323580837,1.0040036168987,1.0035850923527738,1.0036350144203399,1.003875362890341,1.0926446266111733,1.0874022371348406,1.0835668740966853,1.0799483855753629,1.077040893444287,1.131277573934286,1.1810534134863035,1.3955229353163954,1.4735986176463967,1.5996747538951546,1.567353164103224,1.5298256767861287,1.5005168029980833,1.4940792839967236,1.4873462115679406,1.6364528330836576,1.6967012643234762,1.7837317223184137,1.8349669220887213,1.9176312652954253,1.8740957997792664,1.8555238404909844,1.8425101211113513,1.8220702540932878,1.786135840042219,1.7536495416925761,1.7296666388854762,1.7114760586975741,1.694999352766117,1.6753089937875778,1.7812504203642667
57-2806225,,,,,,,,,,,,,,,,,,,0,0.9449353079843803,0.9920672521917152,1.0071269684930446,1.0171292767485034,1.0066395819249485,1.0084760645757118,1.0079104031691406,1.0057877215148707,1.007060529982372,1.006238808356,1.0057345617925644,1.0056800541329156,1.004620724859622,1.0046922804679175,1.0041905648855427,1.004216227497323,1.0044502793275691,1.0945729550032228,1.089134788974016,1.0851747172838218,1.081431024463103,1.078431726190832,1.133336739802971,1.1838085914734566,1.401621924019053,1.4810527660899069,1.6088793882241625,1.5758070642527908,1.5371870835050363,1.506957194449199,1.500501408325108,1.4597640493929833,1.6054759697564633,1.664286044385237,1.7491956574615481,1.7987822926010284,1.87977559785675,1.8384877413768372,1.8212081746227395,1.8089030514074398,1.7894953025935494,1.7556606294282797,1.7245023339202779,1.7016562306512495,1.6843793736712298,1.6686934580789996,1.6499163182566456,1.7536980406540346
58-2803862,,,,,,,,,,,,,,,,,,,,0,1.0119465290361753,1.0250412408139569,1.0319985766878896,1.0144391480049635,1.0153100278214588,1.013154010857041,1.0101529280552695,1.0111041486097123,1.009526923415668,1.008698686500751,1.0083233185841314,1.006966750060171,1.0068336839729481,1.0060728134563348,1.0060188436673825,1.0062268870601114,1.0987695598152094,1.0929225621876997,1.088704609211357,1.0846987864477893,1.0815076043219176,1.1376108838393992,1.1892345188475406,1.413157266767165,1.4952501416534545,1.6268017166837532,1.5917664464512313,1.5510816000442442,1.5193891821974708,1.5124784925096255,1.468632194518184,1.5539114413995698,1.6100579552822902,1.6914637061944726,1.7392861663950048,1.8175661566361176,1.7798795286693319,1.7637690074663646,1.752622011138997,1.7349041902991282,1.7039932356144494,1.6755375292851027,1.6545629957670165,1.6387915006681548,1.6246579816305904,1.6073799274849154,1.708041624233817
59-2803865,,,,,,,,,,,,,,,,,,,,,0,1.0532424909981895,1.0511375367195621,1.015505940803915,1.0164606140273398,1.0134510165038653,1.00978497475209,1.0109500828570697,1.0091741191698314,1.008274210279761,1.0079065170375818,1.0064549382939962,1.006358775010853,1.0055942674792075,1.0055581371623412,1.005791211141881,1.1049538385893423,1.0983007157666782,1.0935760014267608,1.0890766106900112,1.085527312009574,1.1446309911580765,1.1995691057351217,1.4392721454187833,1.5276281352214764,1.6683588531418205,1.6287613942940278,1.5828363898736866,1.5476372080907985,1.5399497172631536,1.4911906169043632,1.4645347798614565,1.486925264183107,1.5607554401849157,1.6039969787293407,1.6763501969093393,1.6463763061017174,1.633526477315525,1.6248557995734432,1.610761881526259,1.5861438705800242,1.5635326203771847,1.5466227129455785,1.5341286036670336,1.5228188689749311,1.5088447077619247,1.6025524347977302
60-2806899,,,,,,,,,,,,,,,,,,,,,,0,1.0494591623683678,1.006148616738588,1.0095115063900368,1.0083207010633237,1.0052156723713754,1.0070355480921966,1.00597704775708,1.005369168978733,1.0053484148455059,1.0041105633409098,1.0042467102035015,1.0037217770859184,1.0037737320778697,1.0040516403217399,1.106722193513596,1.099734133161758,1.0948003307915983,1.0901064980940196,1.0864173327267077,1.1472350755768388,1.2037762107364816,1.4512187841351387,1.5428560632807216,1.6882855018744867,1.646329837584089,1.5977251587809986,1.5606774794214096,1.552601124627459,1.5016792139494664,1.473691211902838,1.4633534271583555,1.5030981517846322,1.5444054360363149,1.6142377901001583,1.5874628892875138,1.5762452791010533,1.5683319869896075,1.5560144659671218,1.533775601316475,1.5136274680908004,1.4984380912751718,1.4873342321067191,1.4772256760077975,1.4646609039498328,1.5553546633403448
61-2803971,,,,,,,,,,,,,,,,,,,,,,,0,0.9865408595770868,0.9970726362879692,1.000367196061948,0.9984788615229211,1.0014508028432139,1.0016146381680364,1.001473744278789,1.001982067574953,1.0010628244422957,1.0015332436338966,1.0013454256625707,1.00151904950673,1.0018584481957566,1.1092938554539065,1.1018280252965325,1.0965988125081512,1.0916295086390357,1.0877435750733468,1.150551286610664,1.2093667754767146,1.4672831735286807,1.5633835373439406,1.7151603539983238,1.6701410814179163,1.617805167982048,1.578203930031971,1.5694198215024613,1.5153629655112109,1.4859018228775416,1.4750084069691032,1.4615741154177448,1.473906613273008,1.5408187122924741,1.517414676061298,1.5074748121645556,1.50101617755334,1.4901738994182836,1.4712300027299923,1.4541402617988892,1.4409310349350317,1.4312235137791656,1.422707699434031,1.4115796030763812,1.4989348691809758
62-2803970,,,,,,,,,,,,,,,,,,,,,,,,0,1.0202732724259498,1.0106728446615474,1.004528840206551,1.0075637997545737,1.0059060910152477,1.0050945890608785,1.0051127112982352,1.00359443297916,1.003824470355405,1.003264729167764,1.0033516288642488,1.0036878263925924,1.1228126782013745,1.1135094946900832,1.1071682514627665,1.1011134291497298,1.0964575463326827,1.1645513898210973,1.2287500765208048,1.5146875067744807,1.6226691744620827,1.7907955959244046,1.7362052188843697,1.6733733361032281,1.6266845172730315,1.6165934665726565,1.5538526020701495,1.5198082809038436,1.5074084946181119,1.4922604728611226,1.4834542797305157,1.4644720755436524,1.4445824825307574,1.436031564057386,1.430652692763889,1.421385477239007,1.4052181426119448,1.3905409417073955,1.3791852698133005,1.3712116441236815,1.3638130295604722,1.354433705658125,1.4391602434461066
63-2803968,,,,,,,,,,,,,,,,,,,,,,,,,0,1.0057625892836408,0.9998246059447925,0.9979961248591026,0.9994440463837855,0.9996078625752197,1.000614971272384,0.999653319032396,1.000421451317186,1.000375304023587,1.0006389591439317,1.001062170472886,1.1264784361253224,1.1164334076120979,1.1096527411967299,1.103191151245008,1.0982524917109868,1.1689446256361016,1.2356733298295592,1.5356563499195548,1.649679275830362,1.8261354671187517,1.7666881157955747,1.6984933993190208,1.6482532861488897,1.6374281915499063,1.5704454278469675,1.5342706814133222,1.5211531913245586,1.505131865230198,1.495847948289859,1.4757927428026194,1.4547947734493643,1.445838671241976,1.440302878143865,1.4305985806777954,1.4136882179083599,1.3983483919290727,1.3865210527915126,1.37809756648534,1.3704934158552327,1.3607493470170655,1.4474824411990002
64-2803966,,,,,,,,,,,,,,,,,,,,,,,,,,0,0.9914800202279607,0.9917907638804213,0.9968766239499719,0.9976538060479664,0.9993471408815231,0.9984232392030626,0.9995121878234966,0.9996264820535002,0.9999746205885529,1.0004697846743618,1.1402997717146472,1.1279337966583578,1.11980268171106,1.112057795805043,1.1062332442556335,1.1827279144299314,1.2559217207057547,1.588745951370074,1.7173889609845954,1.9134555524206467,1.8415670869240317,1.7597800387402085,1.7006843183706857,1.6880411908821091,1.6106392087752033,1.569277725642959,1.5544261181713892,1.5362952362851747,1.5258639940034946,1.5032197091421005,1.480011396644939,1.4700810005947267,1.4637447020532461,1.4530003717390827,1.43432378699055,1.417408609427205,1.4044668552861255,1.3953122989571844,1.3868825940746206,1.376278196514424,1.4674137536924103
65-2803964,,,,,,,,,,,,,,,,,,,,,,,,,,,0,0.9921974874618941,0.9990716357701867,0.999455675669791,1.0010190296479666,0.999584406268214,1.0006192909119058,1.0005207223173396,1.0008380861212274,1.0013553526097654,1.1535040089061073,1.138832762409929,1.1293931999519284,1.120409434497373,1.1137426816307503,1.1949617130080366,1.273441011203429,1.6346099919274182,1.7761166452866248,1.9890330123349722,1.9055954059740174,1.811414252153485,1.7444203579007458,1.7301711293215933,1.643683008568983,1.597867231223108,1.5815407679426128,1.5616206963192527,1.5502222338361824,1.5253956698163522,1.500239348693656,1.489502724916751,1.4826030692791425,1.4709981477041876,1.4508651133478236,1.432654610398521,1.4188026347455556,1.408967683814989,1.3999473163160878,1.3886447811523466,1.48320677581386
66-2803962,,,,,,,,,,,,,,,,,,,,,,,,,,,,0,1.0021395214877902,1.00151970105846,1.0027144206253444,1.000657707614361,1.0016023215188874,1.0007180667433833,1.0010459537039746,1.0015977071179427,1.164624190972216,1.1478325007729433,1.137216312521433,1.1271331937161717,1.1197299985739246,1.1175876685744153,1.191308222109283,1.5288096163859293,1.6602990397004125,1.8648240613444362,1.7936608347895142,1.7137356932246917,1.656239267596236,1.6439890891899984,1.5692687929607898,1.5296765091254652,1.5154420699606947,1.498157695326818,1.4881775728125572,1.4667896830921312,1.4446174515035435,1.4351464902217679,1.4292123136154142,1.4190201955959163,1.4013490496688077,1.3854362274358423,1.3731858964639225,1.3646490354526006,1.356748820187334,1.3467587936801,1.4387102277313673
67-2803960,,,,,,,,,,,,,,,,,,,,,,,,,,,,,0,1.00043114972457,1.0031492338523966,0.9999424017287425,1.0014115731511597,1.0003551054284903,1.0007942453201557,1.0014778176006198,1.1959357653337785,1.172424178447446,1.1582211300890806,1.1448548672597343,1.1353052876610945,1.1204977012842774,1.1163343008307773,1.2443911142375532,1.3474102911988144,1.5240844489414564,1.4846541641948618,1.441887521066328,1.4095458935477982,1.402621383676099,1.3595147403503844,1.3367788833486218,1.328255067228168,1.3181653122164116,1.3120794843143946,1.3000925617338837,1.2861802838958278,1.280219976931917,1.2769407806060589,1.2706680196703333,1.2598367096713965,1.250311200471427,1.2425417874264324,1.2376177499701928,1.2328480344148536,1.226542222018979,1.309987324627781
68-2803958,,,,,,,,,,,,,,,,,,,,,,,,,,,,,,0,1.00520519243908,0.9997571426093291,1.0016592365078274,1.0003421681000164,1.00084900992437,1.0016282647088253,1.2200316459454004,1.1907119820088157,1.173549588437983,1.15753848731255,1.146307266400633,1.1290943651464045,1.124314966939961,1.1096557367865088,1.2004559890685813,1.3644124944198999,1.3378321412233483,1.310302119226061,1.288848952063004,1.2842224943443026,1.254851475100748,1.2396784309856161,1.2338678109386003,1.227056297981234,1.2227569407224232,1.215098950810504,1.2049324341152066,1.2007205421781,1.1986851605793825,1.1942594271712665,1.1866684541020782,1.1800990578630495,1.1745692394513283,1.1713834296229357,1.1681265694050544,1.1636093285792892,1.2427718209463627
69-2803956,,,,,,,,,,,,,,,,,,,,,,,,,,,,,,,0,0.9942845953098176,0.9998821542208429,0.9989309766178892,0.9997640378211069,1.0007894933692387,1.2618499846611897,1.2210543599793067,1.1983560112466485,1.1775480831820861,1.163363479099657,1.1418300577662581,1.1362433063583686,1.1162599476363793,1.1117997351176454,1.1811478689947394,1.167698822957256,1.1563385593213662,1.1460708483929845,1.1439014483848833,1.129677298917266,1.1227973586041817,1.1197345129459266,1.116573153017217,1.114273076546767,1.111472714073418,1.1057691301606898,1.1033257542968187,1.1027047049295704,1.1003891062069395,1.096515016660307,1.0935434130230626,1.090417605199533,1.089249397051243,1.0877547764805657,1.0853283150705224,1.1593253156029548
70-2803954,,,,,,,,,,,,,,,,,,,,,,,,,,,,,,,,0,1.0054593476508207,1.000817826232743,1.0015699989018454,1.0027712433172824,1.326164962847969,1.2651620376138277,1.233438888757797,1.2051175948295443,1.1864933929550057,1.1592145814839818,1.1519632599591758,1.1278927126506868,1.1223102164266774,1.1053297163506033,1.096654203316028,1.0912106298818873,1.0850454472768412,1.08380435193848,1.0753115418581185,1.0717906224606841,1.0697476470074494,1.0681326323149387,1.0665220024795523,1.0657926337908878,1.0617229970627293,1.0600249232983965,1.0600772770256475,1.0586143762812654,1.056175234987388,1.054658282331612,1.0525531192873607,1.0523108097179927,1.0515542531156234,1.049995577177077,1.123014104240329
71-2803952,,,,,,,,,,,,,,,,,,,,,,,,,,,,,,,,,0,0.9976242320797696,0.9996474593631547,1.0015873729940938,1.428090184661512,1.328131772290067,1.2809581962077297,1.2406109585105554,1.2152940906768104,1.1795016693172935,1.1700085021802509,1.1403961354231282,1.1336256911465998,1.113686331220739,1.1036254974229456,1.097172584947415,1.09031785001209,1.0889103451194533,1.0794039491505247,1.0753236378779447,1.0731940719549067,1.0712886928323857,1.0696414565236414,1.068645782120525,1.064363709148153,1.062540464715525,1.0624716027807122,1.0608935689555974,1.0583465276831452,1.0566854963690941,1.054440569077103,1.0540694167514502,1.0532474080354537,1.0515883757997064,1.127458343307948
72-2803993,,,,,,,,,,,,,,,,,,,,,,,,,,,,,,,,,,0,1.004809524266964,1.008635601713282,1.5104110090015717,1.3457664306980626,1.280795902669494,1.2303198961862574,1.2007639698403902,1.161604936664956,1.1516513168164484,1.1213661212038477,1.1148409536549464,1.0959543221382186,1.0862013993515354,1.080876418032161,1.0746873550604485,1.073441546275598,1.0649355182281897,1.0615613522866278,1.0596335565747264,1.0580493668380981,1.0565405696739247,1.056090219208534,1.0520919932435975,1.0503979911703403,1.0505075916578754,1.049109485712606,1.0469013851731217,1.0456103230021438,1.0435759128163207,1.0434539853173994,1.0428251263618102,1.0413637869622017,1.1203656250364562
73-2803995,,,,,,,,,,,,,,,,,,,,,,,,,,,,,,,,,,,0,1.017438776412342,1.7096765644580572,1.4259193741917322,1.331567503948228,1.2630557799628699,1.225111678366305,1.1768006859490001,1.164926190796682,1.1300007202855185,1.1225042061423396,1.1014107269355224,1.09055941917272,1.0847054148008402,1.0778056444091937,1.0765947039479093,1.0674173415586587,1.0637528965714864,1.061704081389977,1.0598884881380073,1.0584051568400024,1.0577496938104658,1.0535637046946695,1.0517929748302253,1.0519786523309007,1.050508671405508,1.04809681994751,1.0468092914229135,1.0446075929704046,1.0444568416244615,1.043869043251794,1.042346519266804,1.1232442082944176
74-2800298,,,,,,,,,,,,,,,,,,,,,,,,,,,,,,,,,,,,0,1.5040554523303553,1.3057354439132471,1.2381744684847928,1.1897324455753098,1.1625304695964118,1.1278156269203858,1.1195983206123146,1.093812965403938,1.088556592126921,1.0732944679443923,1.0649611696336043,1.0613996999933553,1.0564789474084644,1.0555153980825345,1.0489678666479634,1.0465951029691232,1.044761686385846,1.043626256701978,1.0425529898697186,1.0426512809991069,1.039022274676768,1.03753353771028,1.0378441891476602,1.0368777175094952,1.0350256908054851,1.0342663307646662,1.0323549051242695,1.0325904407321882,1.0322656259454046,1.0310530452923568,1.1113274986447759
75-2803997,,,,,,,,,,,,,,,,,,,,,,,,,,,,,,,,,,,,,0,1.0045972602637698,0.9994714179461883,1.001894926787588,1.001430255448385,1.0022101169491093,1.0024005713607669,1.0001603329975717,1.0009877180092441,1.0011220011014956,0.997621733971797,1.0015046153804978,1.001216817975204,1.0012643608727558,1.0004691062549902,1.0015724271029958,1.0010640720261614,1.0014200336134682,1.000875407963981,1.0032351008068954,1.0012420642269835,1.000417898569162,1.0013692486503127,1.0010202027703727,1.000694318983533,1.0012744764673447,1.0004382268300214,1.0014581635053041,1.0017653116421301,1.0013373194392805,1.0859630152538065
76-2800290,,,,,,,,,,,,,,,,,,,,,,,,,,,,,,,,,,,,,,0,0.9920138484419149,1.0001300296880868,0.9999949367558614,1.0020623684289727,1.0023166426516357,1.0000334875973214,1.000703619092986,1.0009202964529427,0.9970431476967927,1.0013834017160725,1.001081408275276,1.0011361151107212,1.0002976489957307,1.0014916839943744,1.0009515097903927,1.0013348408672011,1.0007575712850256,1.0032654302463908,1.0011569470866317,1.0002886967935962,1.00129453694797,1.0009287340287472,1.0005904221855333,1.0012034590074155,1.0003301235410056,1.0013998057589648,1.0017221999117103,1.0012769157362962,1.0896991053106804
77-2800289,,,,,,,,,,,,,,,,,,,,,,,,,,,,,,,,,,,,,,,0,1.006732782369146,1.0036059577973016,1.0044950157397692,1.0044825530107029,1.0011519122536792,1.0017980567339784,1.00175883235568,0.9974666979374943,1.0020654401809166,1.0016744278669019,1.001718630368363,1.0007522522596188,1.0019671478829073,1.0013859033901835,1.0017694293037904,1.0011560449583465,1.0037490395400366,1.0015298993382593,1.000618551735838,1.001657752202093,1.0012683551580208,1.000901597418717,1.0015212624961018,1.0006079944068498,1.0017043683482036,1.0020292097578545,1.0015609604870404,1.0928030003064348
78-2803934,,,,,,,,,,,,,,,,,,,,,,,,,,,,,,,,,,,,,,,,0,0.9996879504697312,1.0026099504594463,1.0029282464515348,0.9995415087279693,1.0004898730647693,1.0008189077731073,0.9961432014862375,1.0013898981535294,1.0010393780990166,1.0011036002894884,1.000160032695126,1.0015089161449537,1.000905871038407,1.0013335133857737,1.000694102819799,1.0034592480956803,1.0011387872206905,1.0001898362231132,1.0012896328221577,1.0008914182427433,1.0005264666230655,1.0011919251984025,1.0002512494279168,1.0014037866903371,1.0017496909832895,1.0012718646787773,1.0962031325432862
79-2806662,,,,,,,,,,,,,,,,,,,,,,,,,,,,,,,,,,,,,,,,,0,1.004100410041004,1.0041751368422618,0.9989672842412376,1.0001544586837194,1.0006285984282788,0.9955044910263523,1.0012994450345556,1.000933454564425,1.001005256001034,1.0000199573960336,1.001456643650383,1.000823308644888,1.0012764363956825,1.0006067668017171,1.0035058378966721,1.0010810196481361,1.0000929382333685,1.0012407494948468,1.0008277522678406,1.000452015813182,1.0011456207036054,1.0001734427067928,1.001367803457427,1.0017261948339395,1.0012337594650147,1.0993367215841228
80-2807417,,,,,,,,,,,,,,,,,,,,,,,,,,,,,,,,,,,,,,,,,,0,1.0044003305656393,0.9957216746816635,0.9981636537037485,0.9996003309159891,0.9933703129770433,1.0007385953270034,1.0003875728185498,1.0004888458117822,0.9994629677432748,1.0011347881908672,1.000440107351934,1.0009628617828803,1.0002296148051977,1.0034459461085397,1.0007960599616121,0.9997252001895935,1.0009840357833952,1.0005432336731401,1.0001524791326701,1.00091637060847,0.9998807223605046,1.0011708987409083,1.0015600218223732,1.0010402022920974,1.1060350740299947
81-2800286,,,,,,,,,,,,,,,,,,,,,,,,,,,,,,,,,,,,,,,,,,,0,0.9934729770937597,0.9969371373373334,0.9990876624351009,0.9924000101967322,1.000483391156324,1.000149123373109,1.0002642922098133,0.9992334379553411,1.001000098153816,1.0002832129706747,1.0008337764833164,1.0000775399902255,1.0034136670191502,1.0006818652895197,0.9995811028905366,1.0008810583015972,1.000430760862565,1.0000358701997625,1.0008259792737169,0.9997682096400684,1.0010932173027673,1.0014938348058269,1.000964584603814,1.1084166678411422
82-2803932,,,,,,,,,,,,,,,,,,,,,,,,,,,,,,,,,,,,,,,,,,,,0,1.007815800591466,1.0006625519527663,0.9901380375769918,1.001823110114615,1.0011338439074886,1.0012384980668592,0.999757505391831,1.0017872649839874,1.0009040334920576,1.0015094800467028,1.0006073903311303,1.0043989078851965,1.0012170387928772,0.999951333338069,1.0014121674147598,1.0008856323606656,1.0004148594583904,1.0012688468400124,1.0000794869427225,1.001527686337365,1.0019534585563985,1.0013562625190289,1.1194716443621087
83-2803596,,,,,,,,,,,,,,,,,,,,,,,,,,,,,,,,,,,,,,,,,,,,,0,0.9986160926069734,0.9866870065348698,1.0010284014237107,1.0004347707642613,1.0005836322184614,0.9991549351392974,1.0014005422050742,1.0004833832715105,1.0011502615597379,1.0002115199487094,1.0042272698122796,1.0009106987583296,0.9995985723578062,1.0011325151938613,1.0005945186269931,1.0001246166623103,1.0010287776304057,0.9998087404741237,1.0013162693375883,1.0017629351377775,1.0011548645857884,1.1231214045121163
84-2800283,,,,,,,,,,,,,,,,,,,,,,,,,,,,,,,,,,,,,,,,,,,,,,0,0.9528351642697267,0.9996344076147177,0.9991635470928774,0.9994844373580659,0.9979228980910309,1.0010402183877487,0.9998994090417134,1.0007784108719548,0.9996337773901997,1.0045599426314604,1.000574731566264,0.9990328541395076,1.0008594327091382,1.0002414717512693,0.9997246451830245,1.0007907068635218,0.9994141086507319,1.001138716106304,1.0016491250779693,1.0009721328483874,1.1385903300169227
85-2800281,,,,,,,,,,,,,,,,,,,,,,,,,,,,,,,,,,,,,,,,,,,,,,,0,1.0313681648816697,1.0162984049702444,1.0150534326019371,1.0068976671776364,1.0085971904685398,1.0067341566425423,1.0071060517313093,1.0055065889658363,1.0102972042190452,1.005346300920366,1.003451004996791,1.0052960701056362,1.004408363773965,1.0035013235299959,1.0043463353011222,1.0026739841493555,1.0043605968954004,1.0047724178119417,1.0039052161428839,1.1505668576281665
86-2800280,,,,,,,,,,,,,,,,,,,,,,,,,,,,,,,,,,,,,,,,,,,,,,,,0,0.9982154133856206,0.999240515603952,0.9967294775319214,1.0017492277996498,1.0000202062383394,1.0012420208504909,0.9996335372208981,1.006176400429994,1.0008472955286873,0.9988671049135803,1.0011834506770962,1.0003929726530008,0.9997450564265965,1.0010287428687183,0.9993713948692636,1.0014139598679648,1.0020013805026793,1.0011936223020776,1.1630914733977697
87-2800278,,,,,,,,,,,,,,,,,,,,,,,,,,,,,,,,,,,,,,,,,,,,,,,,,0,1.0035397322115631,0.9959414204289232,1.0029310645586806,1.000550562840289,1.0020053446526636,0.9999641652373483,1.0077265178835586,1.0012903419053658,0.9989701401483284,1.0016326384059704,1.0007015375488209,0.9999386292873402,1.001349381167474,0.9994940300543185,1.0017338521281298,1.0023613710482573,1.001460636937176,1.1789145585153864
88-2806663,,,,,,,,,,,,,,,,,,,,,,,,,,,,,,,,,,,,,,,,,,,,,,,,,,0,0.9948450937452747,1.0028777835741944,1.0003257490574775,1.0019068784297134,0.9997538013120536,1.0079296415722228,1.0011961396809703,0.9987909442963581,1.0015610946724496,1.0006022077540004,0.9998265579398905,1.0012880975332819,0.9993890298390002,1.0016896335779195,1.002333912794957,1.0014151389664865,1.183014278239434
89-2804031,,,,,,,,,,,,,,,,,,,,,,,,,,,,,,,,,,,,,,,,,,,,,,,,,,,0,1.014899462258388,1.0062918786985657,1.0075152736663098,1.0031334542838921,1.014575699862396,1.0037815068174736,1.0002632331902717,1.0039085845823246,1.0024395519917493,1.001192970263918,1.0028316211372992,1.0003834465854509,1.0030817737889,1.0037656548503502,1.0025848914693873,1.219397699413189
90-2800260,,,,,,,,,,,,,,,,,,,,,,,,,,,,,,,,,,,,,,,,,,,,,,,,,,,,0,0.9833106583628389,0.9991661790782522,0.9931073816544711,1.014409364826938,0.9996274935757424,0.9954005656231714,1.0005593917290074,0.9990623446445338,0.9981166959538263,1.0005317191750662,0.997897236158431,1.0012230899673022,1.0021350525002273,1.0009220611517795,1.24973803218559
91-2800275,,,,,,,,,,,,,,,,,,,,,,,,,,,,,,,,,,,,,,,,,,,,,,,,,,,,,0,1.0108133273328264,0.9976989415527194,1.0218184673714645,1.002281775563758,0.9971188287960993,1.0027817047658605,1.000842137827027,0.9994754020560518,1.001855483403281,0.998897111637326,1.0023443440451838,1.0032273402630867,1.0018602065470716,1.2654144891909944
92-2804713,,,,,,,,,,,,,,,,,,,,,,,,,,,,,,,,,,,,,,,,,,,,,,,,,,,,,,0,0.9745828546419387,1.027102096284861,0.9998551713967042,0.993833668379123,1.0010734033620103,0.9990296049476608,0.9978568165595372,1.0008085499532609,0.9976707020507853,1.0015554437640584,1.0025765647365552,1.001160194716637,1.2875836635373188
93-2803598,,,,,,,,,,,,,,,,,,,,,,,,,,,,,,,,,,,,,,,,,,,,,,,,,,,,,,,0,1.0467620448001438,1.0047189084904546,0.9968663546810766,1.0047086450783698,1.0018406173805612,0.9999079133305337,1.002670553745574,0.999102032453029,1.0030601053530934,1.0040086918896407,1.0023938121973455,1.30384889731166
94-2803600,,,,,,,,,,,,,,,,,,,,,,,,,,,,,,,,,,,,,,,,,,,,,,,,,,,,,,,,0,0.9602130583894452,0.9606091585082938,0.9803690099879461,0.9819236360103616,0.9854807983952893,0.9923478781183837,0.9896396209583708,0.9954052205217939,0.997240884317486,0.9961133629527078,1.3452915952906876
95-2800273,,,,,,,,,,,,,,,,,,,,,,,,,,,,,,,,,,,,,,,,,,,,,,,,,,,,,,,,,0,0.9614762227906247,1.0046805339469453,0.9975691336211002,0.9958454455964122,1.0014731466239517,0.9964327609469398,1.0023830330112828,1.0037516171749508,1.0016546834568796,1.4144657137349508
96-2803601,,,,,,,,,,,,,,,,,,,,,,,,,,,,,,,,,,,,,,,,,,,,,,,,,,,,,,,,,,0,1.0576964515546652,1.015280349344978,1.0037698766610164,1.0074344551272985,1.0005532997138953,1.0064569005081485,1.0074436020418822,1.0047023484021844,1.4549621384228932
97-2804331,,,,,,,,,,,,,,,,,,,,,,,,,,,,,,,,,,,,,,,,,,,,,,,,,,,,,,,,,,,0,0.9870141966732126,0.9912911071734165,1.0004855154555752,0.9944805783571583,1.0019310580387366,1.0035926438931748,1.0012106435328227,1.4861752607038434
98-2803581,,,,,,,,,,,,,,,,,,,,,,,,,,,,,,,,,,,,,,,,,,,,,,,,,,,,,,,,,,,,0,0.9935658861923546,1.0040119352279204,0.9958971579792988,1.0042102866197091,1.0057464773393059,1.002768284259913,1.5528934039643858
99-2800271,,,,,,,,,,,,,,,,,,,,,,,,,,,,,,,,,,,,,,,,,,,,,,,,,,,,,,,,,,,,,0,1.0001282392747575,0.9892622936858061,1.0026602740677872,1.004989862888343,1.0013987636148283,1.732229390008798
100-2805489,,,,,,,,,,,,,,,,,,,,,,,,,,,,,,,,,,,,,,,,,,,,,,,,,,,,,,,,,,,,,,0,0.9745271156058538,1.0044883929957709,1.0074555375484615,1.0018708676148564,2.1255475907068835
101-2807150,,,,,,,,,,,,,,,,,,,,,,,,,,,,,,,,,,,,,,,,,,,,,,,,,,,,,,,,,,,,,,,0,1.0386031931713289,1.0271425326845995,1.0121912182433053,2.880736763206075
102-2804581,,,,,,,,,,,,,,,,,,,,,,,,,,,,,,,,,,,,,,,,,,,,,,,,,,,,,,,,,,,,,,,,0,1.0110687855548655,0.9975883807915058,2.392148132338817
103-2804582,,,,,,,,,,,,,,,,,,,,,,,,,,,,,,,,,,,,,,,,,,,,,,,,,,,,,,,,,,,,,,,,,0,0.9865866852924662,1.1885185533315326
104-2800267,,,,,,,,,,,,,,,,,,,,,,,,,,,,,,,,,,,,,,,,,,,,,,,,,,,,,,,,,,,,,,,,,,0,1.0035792454045662
105-2804032,,,,,,,,,,,,,,,,,,,,,,,,,,,,,,,,,,,,,,,,,,,,,,,,,,,,,,,,,,,,,,,,,,,0
